filename,label,brightness,contrast,sharpness,dark_pixel_ratio,bright_pixel_ratio,saturation,edge_density,noise_level,entropy,gradient_mean,gradient_std,strong_edge_ratio,local_contrast_mean,local_contrast_std,patch_intensity_std,patch_intensity_range,extreme_pixel_ratio,laplacian_extreme_ratio
koniq_10004473376_blur_0.jpg,blur,99.9197,64.2561,8.4662,0.1462,0.0853,75.2811,0.0121,0.7138,7.6706,35.0378,37.3339,0.0204,15.7784,13.7942,32.4724,110.845,0.0304,0.0162
koniq_10069534975_blur_0.jpg,blur,119.1728,44.7971,13.7834,0.0456,0.0,136.8224,0.0229,0.9132,7.3072,36.8183,44.4913,0.0356,15.6317,14.4686,22.2498,98.8118,0.003,0.0194
koniq_10218118033_blur_0.jpg,blur,113.3409,66.2038,35.8586,0.2006,0.0602,154.5005,0.056,1.4783,7.8501,58.8305,64.3822,0.1103,25.3261,17.7349,33.6557,120.0248,0.0654,0.0157
koniq_10362672006_blur_0.jpg,blur,99.8862,44.845,19.5407,0.0711,0.0048,132.9158,0.0202,1.0905,7.4411,46.3496,38.0221,0.0239,17.5716,10.7641,27.5734,93.5866,0.0121,0.0143
koniq_10423472445_blur_0.jpg,blur,82.8185,63.0959,59.4701,0.3628,0.0491,80.4193,0.0372,1.8702,7.4889,36.4755,70.5184,0.0664,16.233,20.196,34.544,119.8353,0.1551,0.0291
koniq_10446810546_blur_0.jpg,blur,90.2955,56.3877,21.3183,0.2002,0.0313,127.8605,0.0389,1.1236,7.5999,41.2542,46.6284,0.0468,17.0312,13.1393,33.3677,117.7664,0.0549,0.0176
koniq_10597114264_blur_0.jpg,blur,84.5019,60.6059,92.9217,0.2937,0.0076,151.2306,0.0581,2.3228,7.506,55.8073,75.2798,0.0954,22.0871,19.2224,29.0792,112.9982,0.1254,0.0198
koniq_10615424764_blur_0.jpg,blur,190.8011,97.6186,8.1531,0.1151,0.6939,5.9058,0.0069,0.7047,3.4327,16.2484,48.4109,0.0283,8.942,18.553,74.4804,182.7038,0.7436,0.0254
koniq_10680502673_blur_0.jpg,blur,170.1072,19.7652,3.728,0.0,0.0145,78.6272,0.0,0.4573,6.3098,18.7675,15.1662,0.0,7.9818,4.675,9.6378,35.647,0.0007,0.009
koniq_107799222_blur_0.jpg,blur,189.2081,28.3978,3.281,0.0066,0.0278,10.751,0.004,0.3964,5.582,13.7896,24.9294,0.0077,6.3908,9.9644,14.2618,50.4779,0.0029,0.0157
koniq_10828395135_blur_0.jpg,blur,116.7977,27.4192,6.6696,0.0024,0.0037,113.1792,0.0058,0.6196,6.7126,21.2533,23.3665,0.003,8.7831,7.4943,12.8892,44.4073,0.0,0.0176
koniq_10866561184_blur_0.jpg,blur,189.1171,39.4088,7.7769,0.0,0.3178,78.0182,0.0067,0.6715,6.9789,23.3177,26.2943,0.0057,9.7706,8.1188,25.2395,110.5414,0.0011,0.025
koniq_10899733355_blur_0.jpg,blur,134.8779,42.7281,10.2117,0.0134,0.0294,112.5024,0.0039,0.7968,7.4394,41.2094,25.1017,0.0016,16.4432,6.7973,26.3194,97.8394,0.0036,0.0118
koniq_10921653346_blur_0.jpg,blur,42.3157,45.5949,21.6624,0.5648,0.0039,194.4168,0.0255,1.131,6.5748,35.0698,56.8893,0.0494,14.5949,17.1984,27.4187,82.0737,0.4287,0.0235
koniq_10953973716_blur_0.jpg,blur,78.4966,32.4471,53.169,0.1059,0.0014,190.8882,0.0361,1.7622,6.9444,40.62,48.9142,0.0436,13.6156,11.678,18.1358,64.2008,0.0056,0.0227
koniq_11159983896_blur_0.jpg,blur,117.5284,85.4605,3.8499,0.2344,0.2436,69.9574,0.0022,0.4545,7.5449,17.8127,22.4559,0.0024,8.2293,8.7562,76.9083,221.1764,0.1447,0.0183
koniq_11250215644_blur_0.jpg,blur,146.7953,55.2667,31.658,0.0513,0.0466,110.1767,0.0379,1.3641,7.6038,37.4315,52.9547,0.0583,15.4999,14.2598,38.9192,124.6047,0.0291,0.0231
koniq_11269626135_blur_0.jpg,blur,81.1239,55.9328,73.891,0.319,0.0206,127.9684,0.0866,2.0865,7.5306,66.4237,72.462,0.1349,25.56,17.2924,26.3181,99.0633,0.0899,0.0183
koniq_11273190884_blur_0.jpg,blur,164.1787,67.2572,143.2531,0.0319,0.3242,129.7613,0.1025,2.8657,7.7212,79.1282,86.5412,0.1655,29.3829,19.9897,36.0608,106.5806,0.17,0.0199
koniq_11321228905_blur_0.jpg,blur,99.0192,58.2277,13.5529,0.1179,0.0179,162.3369,0.0128,0.8999,7.5756,29.4098,33.7703,0.0181,11.3346,10.5595,42.839,141.0078,0.0494,0.0203
koniq_11369797883_blur_0.jpg,blur,69.493,54.7725,6.9785,0.4435,0.0036,191.1805,0.014,0.6394,7.2959,31.6537,38.4421,0.0152,15.1608,14.3807,32.7512,106.4454,0.1264,0.0186
koniq_1360663704_blur_0.jpg,blur,112.1832,40.8387,12.0598,0.0351,0.0001,150.7674,0.0142,0.8453,7.3088,33.1273,34.7126,0.014,13.2449,11.1538,25.1068,73.1681,0.0017,0.0214
koniq_136948336_blur_0.jpg,blur,118.033,81.9371,149.8293,0.2657,0.2056,59.8237,0.0888,2.9542,7.8063,73.2702,90.5099,0.1523,29.1955,21.4369,52.4183,180.2476,0.1363,0.0218
koniq_1519242706_blur_0.jpg,blur,175.3624,45.7456,11.8794,0.0066,0.2014,83.6028,0.0094,0.8424,7.0605,21.5647,36.454,0.0208,8.2456,10.9935,35.8237,92.1856,0.0143,0.022
koniq_2044507520_blur_0.jpg,blur,75.4684,18.7,1.944,0.0042,0.0015,169.1067,0.0039,0.3141,5.4958,5.543,20.0136,0.0037,2.7924,7.8915,9.5383,31.3414,0.0003,0.0205
koniq_2152767186_blur_0.jpg,blur,66.6093,30.0347,8.6794,0.1831,0.0061,231.4934,0.0141,0.6929,6.5034,18.3348,37.5828,0.0252,8.4898,12.4446,16.6749,55.1418,0.0022,0.0185
koniq_234944177_blur_0.jpg,blur,175.4636,52.9245,3.6743,0.0172,0.2544,99.9759,0.0042,0.4309,7.4352,18.5355,25.9514,0.0097,8.949,10.3904,37.5468,125.7297,0.0533,0.0168
koniq_2362202039_blur_0.jpg,blur,142.859,22.2143,5.7603,0.0044,0.0015,122.8183,0.0094,0.5716,4.9501,11.3411,30.2468,0.0116,5.1238,10.2003,5.5551,17.7644,0.0,0.0241
koniq_2444937456_blur_0.jpg,blur,183.7618,30.2515,8.8832,0.0006,0.0648,99.6693,0.0027,0.7415,6.6864,29.087,21.2518,0.0031,10.5666,6.743,19.5963,77.7763,0.0058,0.0091
koniq_2517718928_blur_0.jpg,blur,71.8806,53.6556,43.4593,0.3927,0.0048,20.8001,0.0297,1.5741,7.2683,37.9235,40.2559,0.0264,14.1096,11.3384,34.5096,109.5795,0.0289,0.0226
koniq_2578890441_blur_0.jpg,blur,111.8839,61.7073,42.9443,0.1045,0.091,125.7352,0.0548,1.5897,7.7579,51.3418,57.2017,0.0709,19.8344,15.2188,41.0436,142.3875,0.0429,0.0194
koniq_2785267250_blur_0.jpg,blur,159.7583,97.4292,6.5867,0.2004,0.4789,40.2116,0.0133,0.6195,5.9882,22.399,43.135,0.0308,11.1941,17.0342,82.0377,230.1609,0.5358,0.0287
koniq_2808286292_blur_0.jpg,blur,125.249,77.2882,9.0623,0.1239,0.1974,67.4241,0.0177,0.7434,7.3872,39.3911,42.0834,0.0317,18.2465,15.3357,54.5021,163.7568,0.196,0.0178
koniq_2818844013_blur_0.jpg,blur,168.5179,80.2722,35.7625,0.075,0.4366,46.6578,0.0596,1.4646,7.3949,56.7992,62.613,0.0939,22.766,18.0024,64.9013,187.8333,0.3572,0.0168
koniq_2839494557_blur_0.jpg,blur,119.0747,32.3121,45.0764,0.028,0.0011,137.2652,0.0156,1.5875,6.9288,37.3989,32.3616,0.0161,11.5623,8.0244,16.2947,66.229,0.0001,0.0169
koniq_2937190977_blur_0.jpg,blur,118.5833,83.1318,48.4093,0.2676,0.1144,68.203,0.055,1.6906,7.6346,45.5425,60.0024,0.0742,17.0142,15.8956,67.7405,210.0383,0.2148,0.0237
koniq_2939787669_blur_0.jpg,blur,113.3377,80.4802,145.4439,0.2396,0.1833,61.7665,0.1129,2.8942,7.3491,74.8365,84.7804,0.1715,26.75,18.7029,55.6479,173.7564,0.1881,0.0192
koniq_2941933060_blur_0.jpg,blur,168.112,69.4038,57.1364,0.031,0.3614,122.7929,0.0304,1.8092,6.5399,36.3484,50.6584,0.0356,11.9076,14.0427,54.3902,169.3236,0.3129,0.0197
koniq_2964711556_blur_0.jpg,blur,163.6798,73.233,16.203,0.0234,0.415,82.659,0.036,0.9782,7.394,40.6579,57.6446,0.0753,19.865,19.6748,37.1572,136.1419,0.0714,0.0231
koniq_2990464677_blur_0.jpg,blur,126.5387,94.6988,5.1595,0.2639,0.3174,146.8203,0.0095,0.5453,7.4473,27.6262,37.9684,0.0177,14.0419,15.5428,71.7579,232.9119,0.3654,0.0204
koniq_3026852045_blur_0.jpg,blur,19.0491,34.1319,15.1749,0.8438,0.0074,36.6036,0.0177,0.9568,4.5986,30.2365,40.1515,0.0159,11.4333,12.2455,7.581,26.1264,0.6389,0.017
koniq_3073970642_blur_0.jpg,blur,66.8176,51.1409,42.6062,0.4391,0.0167,208.1781,0.0214,1.5949,7.1061,26.5703,61.2054,0.0482,10.231,15.9939,37.628,122.6063,0.1272,0.0306
koniq_313424539_blur_0.jpg,blur,64.6772,35.4107,29.5744,0.2262,0.0043,100.689,0.0282,1.3188,6.9534,37.6492,47.0761,0.037,14.2634,13.0453,14.3023,48.9994,0.0171,0.0228
koniq_318700026_blur_0.jpg,blur,109.9099,50.6236,4.0977,0.1069,0.0493,140.4644,0.0051,0.4641,7.409,21.4674,23.5591,0.0026,10.0876,9.017,32.0512,153.0314,0.0122,0.0183
koniq_3253636665_blur_0.jpg,blur,143.7277,61.1104,6.0214,0.1101,0.0204,76.1161,0.0102,0.5939,7.3538,27.0207,32.767,0.0072,12.4261,12.5754,44.6143,132.4862,0.0035,0.0238
koniq_3255665645_blur_0.jpg,blur,176.5047,53.4459,20.1532,0.0019,0.2977,108.1346,0.0188,1.0962,7.4055,30.1531,36.3854,0.0154,11.6408,9.63,41.5435,123.0371,0.1355,0.0191
koniq_3315237185_blur_0.jpg,blur,131.163,59.9725,4.751,0.0806,0.0,154.0921,0.0043,0.5141,7.4377,24.1372,27.7738,0.0038,11.1615,10.4952,46.5573,147.8452,0.0145,0.0144
koniq_3320115265_blur_0.jpg,blur,166.8731,55.529,153.4944,0.0214,0.2171,52.8041,0.1917,3.0109,7.6829,119.0501,78.9851,0.3042,37.9753,12.9677,21.7539,76.4814,0.0723,0.0081
koniq_3362731032_blur_0.jpg,blur,88.5263,53.8342,6.2838,0.2866,0.004,204.1452,0.0105,0.5853,7.259,13.9683,32.3328,0.0165,7.107,11.8762,37.3455,132.1761,0.0652,0.0246
koniq_3367220434_blur_0.jpg,blur,47.4641,50.4011,10.4245,0.5943,0.0001,146.0368,0.0095,0.7797,6.3799,19.1587,33.5141,0.0126,8.7542,10.4048,38.1563,135.5884,0.4392,0.0234
koniq_3423896683_blur_0.jpg,blur,128.2531,70.947,87.0949,0.121,0.1515,139.8596,0.091,2.2926,7.9504,85.3988,77.5519,0.1784,33.3807,17.8383,28.8558,89.8268,0.0791,0.0144
koniq_3463146453_blur_0.jpg,blur,188.6513,90.326,7.659,0.113,0.617,13.9716,0.0202,0.6784,4.7824,29.9798,52.7116,0.0528,15.0188,20.9645,60.5753,192.6806,0.6149,0.0262
koniq_3662997757_blur_0.jpg,blur,110.1633,91.7685,16.618,0.3928,0.2696,40.1094,0.0274,0.9878,7.2105,33.723,50.1088,0.0412,14.9846,16.7748,79.8683,223.5617,0.2349,0.0212
koniq_3773463532_blur_0.jpg,blur,116.5205,54.0221,19.8666,0.0246,0.0534,76.4714,0.0181,1.0772,7.5273,32.492,36.8112,0.0215,12.7816,12.0973,31.5309,108.0925,0.005,0.0245
koniq_3815098207_blur_0.jpg,blur,80.9258,51.9662,13.6243,0.1721,0.0207,133.6878,0.0172,0.8979,7.2444,32.9405,39.1961,0.0225,13.4715,12.7069,32.1244,108.8651,0.0142,0.0218
koniq_3921589638_blur_0.jpg,blur,103.7699,71.6975,15.8356,0.3263,0.0083,126.5109,0.0278,0.9666,7.5208,38.7886,51.2619,0.0507,18.5303,17.1742,44.0427,152.4361,0.1687,0.0219
koniq_3948135332_blur_0.jpg,blur,138.539,39.5045,7.5551,0.0199,0.0018,115.7157,0.0078,0.6812,7.1942,31.8932,27.8089,0.0083,13.8067,9.9516,18.3461,63.0505,0.0025,0.0157
koniq_3961459513_blur_0.jpg,blur,169.1417,43.4163,25.1178,0.0199,0.0582,88.7391,0.0198,1.222,7.077,40.792,41.9982,0.0322,15.5326,12.7448,11.9739,54.6252,0.0017,0.019
koniq_411025625_blur_0.jpg,blur,139.2488,89.2563,5.4487,0.2193,0.4793,30.5877,0.0073,0.5582,6.4546,20.0862,40.1165,0.0274,10.2382,16.4578,69.3449,179.0427,0.0366,0.0211
koniq_4185039279_blur_0.jpg,blur,160.7467,76.3051,18.1931,0.0874,0.4511,33.6003,0.0313,1.0433,7.1262,40.7846,56.1346,0.0667,17.7879,19.2441,56.8417,183.8096,0.008,0.019
koniq_4194428227_blur_0.jpg,blur,86.5024,53.0011,17.093,0.2545,0.0031,130.8228,0.0193,0.9985,7.5784,35.484,37.1853,0.0169,14.8046,11.7017,29.7676,93.6541,0.0605,0.0215
koniq_4228738752_blur_0.jpg,blur,55.9212,56.1157,3.2962,0.598,0.0075,207.7425,0.0057,0.4046,7.0129,16.9281,27.2135,0.0057,8.5838,11.3233,33.7939,95.8354,0.1739,0.0161
koniq_4237536969_blur_0.jpg,blur,118.5084,21.6381,4.5322,0.002,0.0,135.0795,0.0022,0.4748,6.3616,12.478,22.0999,0.0023,5.3568,7.6599,13.3276,49.3951,0.0,0.0196
koniq_4251971063_blur_0.jpg,blur,132.1756,28.1289,1.4918,0.0499,0.0013,139.2139,0.0034,0.2547,5.1615,5.2989,18.7512,0.0024,2.7601,7.9686,14.5773,54.4875,0.0039,0.0254
koniq_4281731487_blur_0.jpg,blur,123.088,62.7602,18.83,0.0504,0.1156,156.2407,0.0324,1.0555,7.7311,41.399,42.2415,0.0284,17.6036,12.4902,39.7715,135.1707,0.0726,0.0195
koniq_4305975001_blur_0.jpg,blur,128.8868,86.1886,51.5339,0.203,0.2666,113.0348,0.0484,1.7542,7.7055,51.881,84.1366,0.1107,24.1346,25.6176,51.6465,174.2106,0.1374,0.0273
koniq_432860543_blur_0.jpg,blur,172.1588,57.3432,144.028,0.0191,0.3041,53.8619,0.0772,2.904,7.602,61.5998,88.2273,0.1288,22.8888,20.5859,28.8405,101.3068,0.1119,0.0218
koniq_4344642946_blur_0.jpg,blur,196.0021,79.2788,6.1012,0.0618,0.6202,23.3528,0.0142,0.5913,5.8535,25.5526,43.8475,0.0352,12.9292,17.8702,49.3765,181.7771,0.5605,0.0215
koniq_4495630749_blur_0.jpg,blur,80.3539,54.0125,13.9571,0.2886,0.0101,136.6602,0.0213,0.9212,7.5062,39.5092,40.4002,0.0247,17.1349,12.4909,25.4394,80.151,0.0629,0.0199
koniq_4524766514_blur_0.jpg,blur,131.1282,40.5378,9.4281,0.0354,0.0,80.2424,0.0205,0.7534,6.9334,31.7309,43.8232,0.031,13.8777,15.1871,19.9573,60.8582,0.0036,0.0138
koniq_4563172093_blur_0.jpg,blur,102.3056,45.8302,6.933,0.1013,0.0006,135.2434,0.0075,0.6547,7.5058,35.8006,29.0977,0.0074,15.927,10.447,28.1138,86.8966,0.0351,0.0107
koniq_4619633197_blur_0.jpg,blur,155.7174,96.0631,18.6615,0.2536,0.4631,23.6245,0.0192,1.0454,7.0803,23.7197,55.5657,0.0433,11.8892,19.593,68.5036,193.1676,0.3737,0.0285
koniq_4710464067_blur_0.jpg,blur,197.0919,27.3644,8.0998,0.0,0.2844,109.1588,0.0099,0.6985,6.7067,29.2219,28.3574,0.0052,13.6074,8.2057,6.9181,25.1697,0.0138,0.0207
koniq_4881913692_blur_0.jpg,blur,60.9469,44.4521,3.1777,0.295,0.0001,184.7227,0.007,0.4191,5.149,13.8347,27.8873,0.0068,6.7297,11.1257,31.2948,99.177,0.0144,0.0206
koniq_4992884384_blur_0.jpg,blur,142.0748,33.6382,3.0427,0.0048,0.0081,89.4795,0.0035,0.3899,6.1675,13.4828,24.764,0.0034,6.549,9.7271,20.292,81.8842,0.0,0.0176
koniq_5079448176_blur_0.jpg,blur,167.0518,13.9127,1.3611,0.0031,0.0,106.3109,0.0012,0.2301,5.2023,2.4295,13.068,0.003,1.1377,5.0528,8.4512,30.8172,0.0,0.0116
koniq_5095300668_blur_0.jpg,blur,207.2714,63.5726,22.6703,0.0,0.6309,80.4963,0.0267,1.156,4.3086,29.6699,50.5835,0.0448,12.5503,15.5978,36.6329,113.9682,0.6112,0.0236
koniq_5097068931_blur_0.jpg,blur,139.1244,15.5724,15.3667,0.001,0.0076,145.8227,0.0057,0.9306,5.3107,17.2314,22.4449,0.0063,4.9061,6.1089,8.9047,39.0529,0.0007,0.0149
koniq_5175429795_blur_0.jpg,blur,120.2416,69.0715,9.4558,0.112,0.1403,92.8853,0.0156,0.75,7.6961,28.5168,37.8423,0.0223,12.6624,12.8819,54.7798,180.79,0.0457,0.0246
koniq_5195185160_blur_0.jpg,blur,77.4672,63.541,9.0478,0.3913,0.0482,78.0497,0.0229,0.7308,7.563,37.7543,44.3919,0.0357,18.08,16.0455,41.1501,168.1529,0.1456,0.0198
koniq_5241841036_blur_0.jpg,blur,101.325,72.8811,18.6347,0.3177,0.0051,62.4146,0.0321,1.0546,6.2987,33.2555,55.4863,0.0533,14.8653,18.4031,56.8222,165.7513,0.2611,0.0233
koniq_5310130081_blur_0.jpg,blur,140.0398,66.8754,11.7548,0.0346,0.1661,96.4074,0.0167,0.8378,7.7756,32.8796,44.6649,0.0347,15.7826,16.1968,39.6911,141.1423,0.0428,0.0276
koniq_5365003071_blur_0.jpg,blur,125.6148,85.1294,4.453,0.2955,0.196,166.1168,0.0073,0.4983,7.2542,22.4242,37.477,0.0213,11.6612,15.6429,60.0411,162.1117,0.1036,0.0195
koniq_5419962760_blur_0.jpg,blur,199.3823,87.5495,5.3188,0.0752,0.6884,59.0402,0.0087,0.5596,3.5551,14.8257,40.4185,0.0258,7.8649,16.7379,66.7466,208.1505,0.6964,0.0258
koniq_5454884110_blur_0.jpg,blur,186.8564,56.4259,6.5562,0.0017,0.3677,97.4475,0.0069,0.632,6.4134,34.1252,35.1841,0.0041,15.8413,12.7767,34.8015,111.6099,0.3062,0.0142
koniq_5460394455_blur_0.jpg,blur,79.2128,45.9216,95.0928,0.1803,0.0058,182.0582,0.0927,2.3168,7.4002,57.2104,62.523,0.096,20.2951,13.262,23.0285,91.1614,0.0453,0.0185
koniq_5470588240_blur_0.jpg,blur,178.4524,69.2222,40.3011,0.0511,0.5122,46.0783,0.0545,1.5465,7.0152,47.421,67.444,0.0897,19.1722,20.4048,31.3967,105.2232,0.0503,0.0194
koniq_5511925995_blur_0.jpg,blur,138.27,46.828,18.1393,0.0186,0.0472,114.1815,0.0279,1.0401,7.569,38.4481,41.1814,0.0342,15.8274,12.1029,26.2648,105.5241,0.0127,0.0199
koniq_5543296873_blur_0.jpg,blur,52.1353,52.7987,7.7921,0.5733,0.0261,210.5282,0.0124,0.6624,7.0362,26.0672,37.8307,0.0218,12.5785,13.5038,30.625,89.2493,0.2383,0.0206
koniq_5564570846_blur_0.jpg,blur,137.6223,14.4998,3.9421,0.0023,0.0003,139.5256,0.0087,0.4659,4.9984,6.9634,26.5155,0.013,3.1064,8.675,6.3926,24.4473,0.0005,0.0241
koniq_5621947330_blur_0.jpg,blur,69.1628,55.6848,49.4679,0.4455,0.0399,71.0905,0.0266,1.7065,7.0326,36.9031,52.2217,0.0386,13.2333,14.8139,26.9463,101.8782,0.045,0.0219
koniq_5677116051_blur_0.jpg,blur,84.3955,45.5032,143.7673,0.1405,0.011,88.3087,0.0821,2.8318,7.3922,64.7071,68.3609,0.0916,20.9321,15.7255,20.7778,75.5459,0.0425,0.0221
koniq_5796747370_blur_0.jpg,blur,154.6457,60.9109,5.9694,0.0359,0.1254,148.9337,0.0046,0.5972,7.4312,27.3656,28.5542,0.0081,11.8914,10.902,46.5897,131.4664,0.0042,0.0189
koniq_5856265647_blur_0.jpg,blur,163.5081,84.2153,117.3812,0.1279,0.4098,58.6793,0.0656,2.63,7.3164,65.59,98.1696,0.1242,30.0729,26.8382,34.7465,103.2824,0.2747,0.0285
koniq_5906952351_blur_0.jpg,blur,119.1999,64.3407,35.5601,0.1818,0.0455,59.2776,0.0576,1.4539,7.7092,59.0001,64.2749,0.1068,24.3466,19.2731,36.068,110.558,0.0423,0.0172
koniq_5914848066_blur_0.jpg,blur,197.0233,49.4834,12.6724,0.0257,0.4911,47.9524,0.0164,0.862,6.9981,28.2575,43.461,0.0273,12.7921,14.6535,30.894,119.4548,0.0689,0.0249
koniq_5936297940_blur_0.jpg,blur,58.5567,39.914,5.3489,0.2902,0.0067,163.547,0.0098,0.5429,6.411,19.3968,37.0035,0.0222,9.5002,14.275,17.0675,72.8223,0.0196,0.0289
koniq_5943227958_blur_0.jpg,blur,77.9432,33.2678,10.9072,0.0554,0.0045,182.0595,0.0082,0.7766,6.7135,18.5455,28.6207,0.0096,7.7068,9.3806,19.9816,71.2945,0.0001,0.0248
koniq_5951267818_blur_0.jpg,blur,151.541,57.9233,21.7962,0.0549,0.0628,41.2432,0.04,1.1459,7.4106,49.5974,54.1099,0.0701,21.2497,16.742,32.142,89.3206,0.0024,0.0194
koniq_5971762123_blur_0.jpg,blur,184.5957,37.8705,52.9309,0.0158,0.0815,11.0967,0.0362,1.7738,6.5974,48.2144,47.1895,0.0397,16.6072,11.2148,14.4644,42.602,0.0096,0.0196
koniq_6010335101_blur_0.jpg,blur,94.1322,42.4168,3.5684,0.0009,0.0587,177.7315,0.0034,0.441,5.8744,15.3134,26.5539,0.0092,6.9744,11.0673,22.7891,68.0706,0.0275,0.0191
koniq_6059676315_blur_0.jpg,blur,139.6825,45.5258,22.6036,0.0249,0.0457,82.4252,0.0365,1.1455,7.4631,38.2522,47.8861,0.0424,16.1897,14.087,25.5414,100.7992,0.0155,0.0241
koniq_6061284714_blur_0.jpg,blur,123.7846,74.5089,17.5607,0.1994,0.146,130.8522,0.0299,1.0221,7.9275,44.3664,55.292,0.0662,21.6723,18.7536,34.7103,145.394,0.1224,0.0203
koniq_6118760299_blur_0.jpg,blur,93.9191,40.9374,8.0859,0.0288,0.0003,139.123,0.0148,0.6735,7.1014,27.0491,35.5739,0.0172,12.2673,12.1291,23.8687,85.2899,0.0,0.0211
koniq_6185806763_blur_0.jpg,blur,149.6756,22.9035,3.0807,0.0,0.0002,149.8004,0.0014,0.3459,6.523,11.3256,15.6747,0.0006,5.3455,5.4322,9.3026,33.0961,0.0,0.0216
koniq_6191653562_blur_0.jpg,blur,109.9824,29.4205,13.2521,0.0205,0.0,141.6317,0.0132,0.9049,6.8473,37.0563,33.8601,0.0092,14.6076,9.6367,8.0184,29.5097,0.0,0.0176
koniq_6216628901_blur_0.jpg,blur,170.2338,46.7914,17.6619,0.0131,0.0742,111.9236,0.0157,0.9914,7.0679,25.7206,35.3049,0.0156,11.1643,12.096,29.1486,100.1525,0.0266,0.0227
koniq_6230011878_blur_0.jpg,blur,68.5668,18.7061,2.2632,0.0659,0.0,212.3911,0.0002,0.2634,6.0673,7.7808,12.2993,0.0003,3.5174,4.6127,13.5378,49.3341,0.0001,0.0093
koniq_6256829619_blur_0.jpg,blur,169.5596,96.6126,32.1468,0.1304,0.5435,10.2055,0.0305,1.3822,4.7865,28.8112,62.4304,0.0568,12.2327,19.6525,69.9039,211.9541,0.5364,0.0266
koniq_6307302399_blur_0.jpg,blur,89.6784,53.9666,20.3722,0.1932,0.0173,127.7641,0.029,1.1209,7.4045,47.126,55.3811,0.0671,20.1135,17.0173,20.413,88.3886,0.0112,0.016
koniq_6343064519_blur_0.jpg,blur,205.9347,26.5528,7.6179,0.0,0.4142,12.5447,0.0074,0.6391,6.4426,11.7589,23.6788,0.0045,4.9414,7.2399,20.2001,79.8008,0.016,0.023
koniq_6344902938_blur_0.jpg,blur,109.6991,77.0305,58.2318,0.2515,0.1247,28.6855,0.0365,1.8202,7.529,41.9907,50.4719,0.0464,14.8297,13.4366,63.455,192.6935,0.0577,0.0237
koniq_6346994570_blur_0.jpg,blur,103.3661,15.7574,1.4185,0.0129,0.0027,129.9872,0.0019,0.2722,3.0666,6.4307,20.0281,0.0011,3.2357,8.302,1.7177,7.635,0.0,0.0283
koniq_6608109869_blur_0.jpg,blur,66.0383,44.9224,4.3636,0.3122,0.0027,155.2602,0.0051,0.493,7.1174,22.0201,24.0224,0.0016,10.2199,9.2607,24.3364,91.1999,0.0355,0.018
koniq_6729759239_blur_0.jpg,blur,104.1123,42.5527,4.4653,0.0269,0.0127,101.4714,0.0046,0.4962,7.3283,23.8379,24.1367,0.0045,11.0326,9.2122,24.9077,82.0702,0.0021,0.0205
koniq_6757989209_blur_0.jpg,blur,143.1958,69.6897,8.9609,0.0845,0.2235,128.2851,0.019,0.7063,7.842,30.3807,45.5573,0.0377,16.0005,16.5104,32.5753,101.3801,0.072,0.0274
koniq_6787512667_blur_0.jpg,blur,172.1732,69.3207,59.7574,0.049,0.3039,47.3012,0.0411,1.8822,7.3874,47.1896,68.2647,0.0721,20.2043,18.7863,45.966,142.3336,0.2388,0.0247
koniq_6829189111_blur_0.jpg,blur,192.8034,13.0057,2.5137,0.0013,0.0,6.267,0.0018,0.3339,4.8461,8.7619,15.263,0.0035,3.342,5.3698,6.4722,23.8427,0.0004,0.0107
koniq_6845848072_blur_0.jpg,blur,101.3138,56.6096,15.6593,0.2274,0.0001,115.7122,0.027,0.9655,7.2869,30.1892,44.2628,0.0335,12.4592,14.0908,41.1128,129.4291,0.0478,0.0266
koniq_6862989864_blur_0.jpg,blur,105.8962,58.2768,93.5055,0.1517,0.041,96.8426,0.1135,2.3472,7.7793,85.381,75.493,0.1774,32.2743,16.5671,17.4201,62.6397,0.0307,0.0162
koniq_6870048801_blur_0.jpg,blur,175.2256,51.69,33.1912,0.0071,0.3255,38.3082,0.0324,1.4127,6.9951,36.0104,50.1744,0.0447,12.8993,12.5133,42.6599,114.7537,0.0023,0.0223
koniq_6897314758_blur_0.jpg,blur,110.6582,50.545,12.7975,0.0526,0.0209,91.143,0.0173,0.883,7.4227,35.4053,37.4051,0.0246,14.6197,11.3071,37.12,120.5492,0.0032,0.0161
koniq_6900924910_blur_0.jpg,blur,141.1648,81.5007,38.6153,0.1035,0.2867,76.1257,0.0644,1.5188,7.2694,57.7334,62.7225,0.0945,23.1791,18.0322,59.4794,199.018,0.2706,0.0139
koniq_6915781600_blur_0.jpg,blur,184.154,49.963,6.1268,0.0033,0.354,84.8965,0.0037,0.6065,7.2505,28.7769,30.0449,0.0023,12.8536,10.6577,34.8149,107.3229,0.2054,0.0116
koniq_6965249888_blur_0.jpg,blur,148.6192,58.7775,10.2723,0.0133,0.1989,127.207,0.019,0.7701,7.591,25.1867,38.5163,0.0211,11.5416,12.6861,41.3552,157.3515,0.015,0.0232
koniq_7005136305_blur_0.jpg,blur,98.1952,75.7446,16.2325,0.3372,0.0686,119.5441,0.0284,0.99,7.7589,41.8383,51.8256,0.0569,19.3262,17.2145,43.3324,140.1865,0.1483,0.0217
koniq_7029108053_blur_0.jpg,blur,177.4925,25.65,5.5459,0.0014,0.0101,65.2658,0.0052,0.5597,6.2585,11.4064,23.212,0.0045,4.7797,6.9478,16.7843,61.4659,0.0,0.0189
koniq_7108939139_blur_0.jpg,blur,96.8537,40.2498,8.8549,0.0775,0.0029,116.138,0.0123,0.7276,7.2786,30.6438,33.465,0.0125,13.859,10.9156,20.7445,79.9747,0.0022,0.0176
koniq_7154088130_blur_0.jpg,blur,172.6031,48.9732,3.8474,0.0615,0.0098,122.8447,0.0049,0.4315,6.5614,15.5236,27.5605,0.0129,7.3436,11.4956,29.8332,112.8947,0.0021,0.0201
koniq_7163375274_blur_0.jpg,blur,189.6543,83.6412,28.8167,0.0517,0.5622,0.0,0.0139,1.3026,5.5075,22.2538,61.6245,0.0363,11.5902,20.8073,56.0352,197.4241,0.526,0.0295
koniq_7215678842_blur_0.jpg,blur,102.0005,37.6974,12.2134,0.0086,0.0081,129.4804,0.011,0.8303,7.1169,18.5772,30.8827,0.0094,7.1762,9.1077,21.4049,70.7298,0.0,0.0272
koniq_7255289130_blur_0.jpg,blur,108.2719,66.3563,206.0117,0.1427,0.1178,39.5962,0.1102,3.4409,7.5738,85.4601,99.5696,0.1746,30.0389,24.1219,23.3686,74.2248,0.1328,0.0169
koniq_7283094026_blur_0.jpg,blur,140.4163,63.28,17.0428,0.0871,0.0777,100.1553,0.0276,1.0137,7.6863,39.1392,44.0444,0.0382,15.8888,13.6318,49.6502,148.2493,0.0131,0.0247
koniq_7329465526_blur_0.jpg,blur,129.0124,73.2642,12.2546,0.1387,0.1716,100.1614,0.018,0.8501,7.8873,33.793,41.7246,0.026,15.4732,14.3223,51.8559,149.075,0.0908,0.0186
koniq_7365538478_blur_0.jpg,blur,194.716,76.8437,43.4076,0.0849,0.7063,22.1337,0.0176,1.5833,6.5225,22.3936,63.1507,0.044,10.1558,18.873,59.1437,168.6322,0.3248,0.0298
koniq_7380460592_blur_0.jpg,blur,73.3162,15.1781,2.053,0.0007,0.0005,66.9464,0.0005,0.2749,5.7482,7.8586,11.9173,0.0005,3.3372,4.4852,10.3425,33.6456,0.0,0.0067
koniq_7608025600_blur_0.jpg,blur,73.4715,74.3425,13.1865,0.4746,0.0615,82.3389,0.0309,0.896,7.1927,48.4098,57.8795,0.0732,23.2124,21.2777,35.7164,125.3351,0.3475,0.0165
koniq_7734376776_blur_0.jpg,blur,171.2103,41.8975,15.57,0.0029,0.0255,13.6023,0.0323,0.9668,6.8929,47.7063,47.0425,0.0449,20.0038,14.8931,15.239,54.2313,0.0004,0.018
koniq_7744803492_blur_0.jpg,blur,87.3415,55.4372,43.1173,0.2366,0.0196,135.7639,0.0565,1.6123,7.658,54.983,59.1803,0.0809,22.0031,15.0399,28.2735,111.4867,0.0587,0.0167
koniq_7751952772_blur_0.jpg,blur,134.8976,87.4889,20.1299,0.1521,0.3408,59.462,0.0134,1.085,7.5501,32.826,46.4871,0.026,14.0369,14.7688,73.8798,210.4999,0.1602,0.0201
koniq_7819353184_blur_0.jpg,blur,164.9034,61.7776,26.1266,0.0382,0.3367,68.4629,0.0379,1.2465,7.355,36.75,55.6939,0.0571,15.8265,16.1881,42.7503,146.1781,0.0022,0.0242
koniq_7914714726_blur_0.jpg,blur,113.6983,62.7286,35.6563,0.1372,0.0647,195.7587,0.0621,1.46,7.8789,67.3957,56.8969,0.0977,28.4578,15.7991,25.5661,83.1589,0.0669,0.0146
koniq_7937116986_blur_0.jpg,blur,65.7104,39.7875,5.7979,0.2501,0.0036,108.8278,0.0038,0.586,7.0778,27.3912,30.2311,0.0082,12.2952,11.153,22.6878,88.0188,0.0434,0.0182
koniq_8035433785_blur_0.jpg,blur,84.2012,72.8296,6.4419,0.3491,0.0539,105.1609,0.0117,0.6255,6.711,29.0889,43.4559,0.033,14.4458,17.3683,24.6266,104.9835,0.2704,0.0184
koniq_8086991348_blur_0.jpg,blur,87.5604,59.4972,31.5538,0.2982,0.0083,44.4608,0.022,1.3655,7.5217,35.7313,47.2956,0.0365,13.6087,13.7827,46.4661,163.9993,0.1116,0.0239
koniq_8096129179_blur_0.jpg,blur,114.291,71.8278,4.2498,0.2298,0.0776,143.3337,0.002,0.4833,7.6774,16.1268,21.113,0.0022,7.2647,7.6448,65.9814,198.7426,0.1237,0.0229
koniq_8113498731_blur_0.jpg,blur,118.1226,87.1494,178.5644,0.2288,0.2116,22.9477,0.1123,3.1604,7.0189,70.1002,89.5237,0.1638,23.3772,18.2464,73.7462,239.9489,0.2876,0.0223
koniq_8191059336_blur_0.jpg,blur,108.318,59.4372,21.615,0.1437,0.029,191.7501,0.0291,1.1426,7.8142,54.6917,40.1839,0.0339,22.0015,11.2745,37.1012,132.5748,0.0486,0.0154
koniq_8201445603_blur_0.jpg,blur,23.2439,39.3774,11.0137,0.8425,0.0034,92.5298,0.0137,0.8046,5.3874,22.3843,43.1384,0.0256,9.973,14.7182,19.2732,56.8952,0.6225,0.0207
koniq_8233745351_blur_0.jpg,blur,102.1522,84.635,46.4842,0.3166,0.1985,50.4606,0.0433,1.667,7.2028,47.0323,69.573,0.0872,19.6524,19.8241,54.8879,216.8127,0.1526,0.0234
koniq_8242266673_blur_0.jpg,blur,33.1125,55.8272,18.2041,0.7228,0.001,108.366,0.0142,1.03,4.7406,19.2128,43.9694,0.0206,8.5931,14.8818,34.4566,98.904,0.6619,0.0239
koniq_8274584258_blur_0.jpg,blur,204.2811,90.8941,69.0716,0.1511,0.7534,16.7029,0.0188,1.9601,3.3272,20.0126,71.5243,0.0397,8.9988,21.3185,64.5995,181.2981,0.7653,0.0276
koniq_8333683532_blur_0.jpg,blur,200.2641,47.6172,50.3712,0.0071,0.4677,42.1514,0.0258,1.7191,7.1465,33.7337,60.5555,0.0513,13.3518,16.7386,27.372,94.2635,0.2365,0.0303
koniq_8401416435_blur_0.jpg,blur,103.4236,32.3016,7.642,0.014,0.0031,95.3666,0.0061,0.6705,6.9827,21.5458,27.7614,0.0052,8.2104,8.6332,23.4366,83.1154,0.0003,0.0171
koniq_8421980802_blur_0.jpg,blur,193.0327,46.5079,28.2877,0.0148,0.4212,20.9222,0.0294,1.2771,7.0177,29.8274,48.1623,0.0307,11.0093,13.4629,34.8476,107.5806,0.0213,0.0241
koniq_8441623412_blur_0.jpg,blur,166.9147,26.8321,29.3666,0.001,0.0326,129.8718,0.0179,1.3129,6.7175,43.1794,31.0972,0.0102,13.6443,6.6941,13.4716,47.5667,0.0,0.018
koniq_8450836581_blur_0.jpg,blur,143.246,35.7393,3.7378,0.001,0.0345,109.5942,0.002,0.4379,7.0865,16.5852,21.5956,0.0036,7.8798,8.1387,18.4381,64.3623,0.0128,0.016
koniq_8493065081_blur_0.jpg,blur,133.3858,41.3284,19.1766,0.0164,0.0182,60.377,0.0263,1.0685,7.3833,42.9609,49.4543,0.051,17.7665,14.3321,19.4657,84.1178,0.0031,0.0264
koniq_8532727626_blur_0.jpg,blur,94.171,66.7703,6.5834,0.3134,0.0,99.9794,0.0136,0.6131,7.2737,27.7797,37.5666,0.0153,13.1124,14.1621,50.745,157.374,0.1726,0.0179
koniq_8546536299_blur_0.jpg,blur,180.8192,37.1226,6.3441,0.0007,0.127,61.4316,0.0066,0.6,6.9243,22.3852,29.3944,0.0075,10.1145,10.0787,17.4321,62.7049,0.0004,0.0175
koniq_8636811972_blur_0.jpg,blur,50.6039,65.2103,7.7088,0.6084,0.0132,99.9393,0.0113,0.6723,6.0017,24.4137,38.4403,0.0184,11.3828,14.3233,43.8756,131.9331,0.5316,0.0201
koniq_8638507719_blur_0.jpg,blur,87.0314,62.0358,231.5891,0.2377,0.0603,146.3266,0.1546,3.6318,7.7075,88.1171,78.2939,0.1581,25.3959,15.9276,41.4733,166.3735,0.1097,0.016
koniq_8639811289_blur_0.jpg,blur,147.9718,54.5582,7.8213,0.0197,0.1312,125.4923,0.0098,0.6927,7.7116,39.761,33.2532,0.0103,18.5724,11.1702,26.9535,87.8962,0.0301,0.0158
koniq_8645927718_blur_0.jpg,blur,131.013,61.995,21.9442,0.0338,0.1163,122.5678,0.0252,1.1486,7.6631,42.2962,48.7718,0.0447,17.7887,14.9244,29.489,112.0792,0.0489,0.0191
koniq_8647880189_blur_0.jpg,blur,191.7972,45.9884,6.7251,0.0011,0.4009,68.0237,0.0089,0.614,7.2495,22.2606,31.1314,0.0135,10.0943,10.9643,22.0258,86.4563,0.1529,0.0239
koniq_8657980323_blur_0.jpg,blur,143.7445,50.0793,6.6815,0.0187,0.0981,77.0546,0.006,0.6347,7.5398,30.7124,30.265,0.0075,13.6387,10.9523,30.5199,108.5544,0.0006,0.0131
koniq_8675742263_blur_0.jpg,blur,147.7113,26.0793,24.2631,0.0001,0.0128,98.8957,0.0248,1.202,6.7214,46.4326,34.5194,0.0166,16.2476,8.165,5.6094,19.079,0.0009,0.0137
koniq_8704133333_blur_0.jpg,blur,83.2114,26.4378,13.8801,0.0556,0.0002,211.9419,0.0184,0.8807,6.5466,21.0095,33.7048,0.0142,8.2562,9.3045,16.091,63.4197,0.018,0.0235
koniq_8707214366_blur_0.jpg,blur,140.1131,40.8178,4.8828,0.0279,0.0068,82.5942,0.0057,0.5201,6.9575,21.3171,33.7124,0.0136,9.9165,12.9944,23.9159,75.2612,0.0072,0.0216
koniq_8715753944_blur_0.jpg,blur,165.1869,78.2037,25.7889,0.031,0.44,50.5118,0.0264,1.242,6.7014,33.502,49.8966,0.0412,12.9733,15.4167,68.1616,179.9664,0.4222,0.0201
koniq_8716882404_blur_0.jpg,blur,138.7566,73.4111,81.3434,0.1561,0.1162,0.0,0.0937,2.207,7.704,106.498,82.526,0.2696,41.1568,20.233,26.5306,112.9778,0.0857,0.0108
koniq_8728715575_blur_0.jpg,blur,94.5098,45.5405,123.4642,0.1061,0.0122,107.2289,0.1013,2.6678,7.484,72.4139,55.5702,0.0945,22.5723,10.261,15.8013,53.3049,0.0246,0.0155
koniq_8774523686_blur_0.jpg,blur,33.58,21.3724,2.2913,0.8028,0.0,210.3088,0.0029,0.3258,5.604,9.2874,21.2763,0.0016,4.5105,8.4914,10.9775,43.0103,0.0359,0.0217
koniq_8841313273_blur_0.jpg,blur,84.8148,61.9721,39.308,0.3269,0.0201,126.5172,0.0449,1.5194,7.6551,44.4156,60.6931,0.0701,18.4214,17.0482,39.4801,155.0385,0.1134,0.0241
koniq_8909034593_blur_0.jpg,blur,49.7467,30.8653,17.2788,0.4474,0.0,178.272,0.0264,1.0227,6.7469,43.2398,38.0924,0.0228,16.9131,9.6827,8.9388,34.3259,0.0606,0.0208
koniq_8911411937_blur_0.jpg,blur,86.1371,43.2203,19.7882,0.1076,0.0242,149.7102,0.0187,1.0964,7.295,48.4982,38.7737,0.0271,18.6318,11.5211,10.7561,34.913,0.0266,0.0142
koniq_8995226934_blur_0.jpg,blur,129.4113,20.5742,7.6573,0.0049,0.0002,170.4509,0.0044,0.6812,6.117,24.3269,24.7818,0.0046,9.1574,8.1408,7.5649,25.8788,0.0,0.0193
koniq_9042624878_blur_0.jpg,blur,116.1869,79.7589,9.1314,0.2677,0.1531,110.3071,0.0221,0.7331,7.7633,37.6723,49.7622,0.048,18.7721,18.8133,49.7866,186.2131,0.1194,0.0216
koniq_9048453025_blur_0.jpg,blur,111.3095,52.4823,392.1175,0.0775,0.0203,47.7498,0.2058,4.7072,7.673,112.9122,87.1224,0.2956,32.5364,11.8086,25.1736,89.8647,0.0226,0.0149
koniq_9054377711_blur_0.jpg,blur,116.6826,85.2916,47.8411,0.2386,0.2285,62.3503,0.0559,1.6833,7.4859,53.3668,60.1939,0.0791,20.8151,16.3005,63.9868,196.3832,0.2063,0.0179
koniq_9159337218_blur_0.jpg,blur,127.5829,20.6423,3.7338,0.0024,0.0001,177.3594,0.002,0.4141,6.352,13.2906,16.6503,0.001,5.9782,5.354,11.3327,37.9839,0.0001,0.0171
koniq_9188509301_blur_0.jpg,blur,93.7759,43.0956,4.9488,0.0515,0.0115,194.4212,0.0023,0.5406,7.1561,21.0523,20.725,0.0026,9.043,8.2331,29.0777,99.1781,0.0301,0.0104
koniq_9249272493_blur_0.jpg,blur,63.9783,53.942,15.0422,0.4202,0.0088,95.0148,0.0223,0.9467,7.3545,37.9319,42.169,0.0286,15.7744,13.4793,33.3072,111.6732,0.2205,0.018
koniq_9251645143_blur_0.jpg,blur,199.1139,18.485,6.529,0.0001,0.0998,12.1945,0.0033,0.5856,5.7942,11.1288,21.3865,0.0018,3.8871,6.0315,9.8282,34.4565,0.0,0.0276
koniq_9255279783_blur_0.jpg,blur,141.6047,62.171,13.5598,0.0299,0.1864,118.5181,0.0163,0.8974,7.2577,29.8153,38.9051,0.0169,12.6417,12.0706,46.7543,148.5955,0.0296,0.0177
koniq_9256620726_blur_0.jpg,blur,108.9277,57.0384,12.3204,0.1655,0.0171,182.3912,0.0197,0.8343,7.6391,30.087,40.0515,0.0295,14.118,13.057,37.9129,120.4176,0.0104,0.0269
koniq_9269537075_blur_0.jpg,blur,160.0971,43.1874,3.776,0.0002,0.1451,179.5219,0.0019,0.4354,7.3308,18.519,19.9457,0.0001,9.0117,7.2257,28.115,113.2212,0.051,0.0156
koniq_9379457487_blur_0.jpg,blur,162.8583,25.7987,13.8609,0.0001,0.0052,123.4155,0.0116,0.9027,6.6367,27.3171,32.7246,0.0196,10.1357,9.7865,9.6455,36.6327,0.0,0.0222
koniq_9408208696_blur_0.jpg,blur,123.2481,54.2535,9.043,0.0009,0.0832,177.1024,0.0196,0.7186,6.8401,22.8605,40.8346,0.0262,10.3266,14.5799,37.3567,119.4165,0.03,0.0216
koniq_9408400121_blur_0.jpg,blur,113.7461,42.9255,46.6849,0.0028,0.0418,77.2741,0.0467,1.6728,7.2332,53.7306,44.76,0.0448,18.4526,10.258,23.5724,85.3774,0.0098,0.0175
koniq_9438182965_blur_0.jpg,blur,47.6743,64.8268,79.9711,0.6316,0.0079,49.0667,0.0657,2.1349,5.0998,50.025,78.1805,0.1083,20.7581,22.6073,25.565,72.0375,0.5664,0.0219
koniq_9442161547_blur_0.jpg,blur,46.7091,44.6829,13.0613,0.5164,0.0,156.8316,0.0204,0.8767,6.8245,29.085,39.5301,0.0235,12.5596,12.4586,26.7262,106.0221,0.2885,0.0227
koniq_9474360756_blur_0.jpg,blur,127.5101,39.6804,19.9477,0.034,0.0,141.1862,0.0189,1.0764,6.9309,19.7363,40.2389,0.0283,8.5831,11.6937,22.4429,94.5122,0.0019,0.0287
koniq_9490079439_blur_0.jpg,blur,197.3164,53.9026,6.8065,0.0137,0.4907,78.6111,0.0076,0.6171,6.8117,17.7688,34.2493,0.0151,7.7599,12.1858,44.2416,124.4967,0.2436,0.0282
koniq_9522817562_blur_0.jpg,blur,169.5978,55.2291,17.3652,0.0214,0.1308,153.0607,0.0191,1.0074,7.2413,29.5084,36.8079,0.0158,10.8408,10.5648,46.2652,179.9299,0.0063,0.0201
koniq_9527980922_blur_0.jpg,blur,145.8701,42.0906,37.4051,0.0464,0.0085,106.2767,0.0453,1.5046,7.1921,51.0203,46.509,0.0425,18.1306,9.8048,24.3206,85.0264,0.0162,0.0135
koniq_9594906572_blur_0.jpg,blur,104.1134,70.3134,57.5786,0.2646,0.0234,98.9913,0.0579,1.8474,7.6688,58.5621,69.5721,0.1082,23.2502,19.4168,45.7391,160.0928,0.1328,0.0212
koniq_9641836616_blur_0.jpg,blur,176.5197,41.7239,12.0217,0.0181,0.0425,92.3717,0.0112,0.8517,6.7663,35.5185,35.1092,0.0193,14.457,11.6373,22.3139,65.4464,0.0067,0.0213
koniq_9655773082_blur_0.jpg,blur,177.1683,54.53,3.68,0.0818,0.0398,33.3124,0.0072,0.4396,6.3154,17.3173,32.187,0.0175,8.6923,13.6402,34.5658,113.0245,0.0223,0.0229
koniq_9723836931_blur_0.jpg,blur,68.6191,35.0211,6.6394,0.1864,0.0034,151.6946,0.0091,0.63,6.9048,26.047,29.5742,0.0081,11.0342,10.0054,20.546,69.805,0.0674,0.0176
koniq_9768559232_blur_0.jpg,blur,146.7805,47.405,27.5413,0.0155,0.0619,27.9249,0.0319,1.285,7.5745,53.0602,39.8614,0.032,19.9735,10.5224,18.821,68.9219,0.0112,0.0153
koniq_9991999836_blur_0.jpg,blur,139.4293,56.952,4.3075,0.0945,0.0032,118.4551,0.0047,0.4919,7.168,20.8898,29.0964,0.0054,10.1039,11.46,39.1619,148.2103,0.001,0.0143
original_baby_blur_0.jpg,blur,113.0896,56.2627,23.3086,0.0756,0.0513,97.7002,0.0379,1.1844,7.6514,48.8859,44.0768,0.0369,20.6164,11.6753,39.8652,166.5886,0.0447,0.0187
original_candy_blur_0.jpg,blur,141.3107,62.6031,3.7796,0.0889,0.0698,153.2485,0.0043,0.4407,7.7511,23.2812,27.1419,0.0057,11.8003,11.2292,25.5874,88.9336,0.0264,0.0147
original_desk_blur_0.jpg,blur,96.6754,52.7544,53.7498,0.1077,0.0176,78.7543,0.0377,1.7619,7.5807,31.0532,48.8938,0.0344,9.8308,11.2766,33.0446,115.7185,0.0476,0.0233
original_dining_blur_0.jpg,blur,164.2177,57.8731,6.5064,0.037,0.1803,53.3208,0.0098,0.6126,7.5979,21.2735,36.4039,0.0195,10.1693,13.5165,33.8779,115.5584,0.0406,0.0247
original_forest_blur_0.jpg,blur,86.4767,49.095,19.9241,0.1799,0.0051,139.0908,0.024,1.0889,7.4319,37.5309,37.6201,0.0189,13.7544,10.1284,32.8252,106.2918,0.0,0.0218
original_holi_blur_0.jpg,blur,110.9753,60.2981,71.0302,0.128,0.0698,129.0035,0.0573,2.0058,7.7684,49.6807,64.1711,0.075,20.2519,16.3505,34.2981,119.7216,0.0168,0.0233
original_human_blur_0.jpg,blur,59.488,45.2548,2.5144,0.31,0.001,105.0258,0.0008,0.3422,6.2024,12.7852,20.3831,0.0009,6.3354,8.3128,27.7375,103.7191,0.2547,0.0189
original_image_blur_0.jpg,blur,56.2957,28.0883,1.116,0.0132,0.0027,150.8195,0.0013,0.2273,3.0987,4.2784,13.9138,0.0012,2.0839,5.576,15.5029,46.0639,0.0015,0.0157
original_masha_blur_0.jpg,blur,148.5683,53.0121,7.7609,0.0324,0.0295,185.4551,0.0039,0.6602,6.822,16.0613,25.6223,0.0065,5.9882,8.3799,29.8673,88.8447,0.0111,0.0198
original_panda_blur_0.jpg,blur,95.1434,62.1271,8.9914,0.2696,0.0202,129.5255,0.0088,0.7256,7.6461,28.8782,30.4686,0.008,12.1994,10.2631,42.4309,127.7637,0.0713,0.0207
original_smoke_blur_0.jpg,blur,108.6328,52.4927,2.7659,0.0,0.1042,59.7251,0.0005,0.3578,6.7548,15.2077,15.1724,0.0004,7.0945,6.2545,38.1157,134.8565,0.0017,0.0107
original_temple_blur_0.jpg,blur,79.8911,57.1843,5.1995,0.3113,0.0037,142.4623,0.006,0.5426,7.3908,22.2546,30.0174,0.0052,10.1508,11.3374,36.9025,115.5831,0.2046,0.0199
original_tiger_blur_0.jpg,blur,84.1847,61.1941,33.9531,0.2729,0.0294,195.4476,0.0298,1.4044,7.6916,35.0055,43.7797,0.0299,12.0248,12.0675,31.3184,107.4308,0.1129,0.0219
original_zombie_blur_0.jpg,blur,69.2063,49.4763,7.9027,0.402,0.0,146.7082,0.0129,0.6788,6.8823,24.8183,42.5503,0.0322,12.9234,15.345,26.7118,88.9749,0.0148,0.021
koniq_10004473376_clean_0.jpg,clean,99.9272,72.9084,5883.7355,0.2486,0.1171,89.1834,0.216,15.3509,7.8096,123.9154,144.1396,0.2798,32.2079,22.1086,32.5094,110.9484,0.1056,0.0226
koniq_10069534975_clean_0.jpg,clean,119.1795,51.5228,2614.4707,0.092,0.0033,142.212,0.1562,10.6787,7.4947,91.1127,115.6524,0.2117,25.5037,20.1261,22.261,99.1494,0.0142,0.0204
koniq_10218118033_clean_0.jpg,clean,113.3252,72.8269,2918.0045,0.2491,0.0861,159.7846,0.1489,11.9642,7.8682,109.2937,153.4505,0.2464,36.4308,22.1406,33.6617,119.9814,0.0974,0.0207
koniq_10362672006_clean_0.jpg,clean,99.9279,55.5856,6024.8268,0.1357,0.0237,144.048,0.2964,15.8278,7.7314,153.4638,125.5443,0.4009,35.6978,13.8184,27.5372,93.6479,0.0368,0.018
koniq_10423472445_clean_0.jpg,clean,82.8156,64.9264,1248.8559,0.3726,0.0567,82.6689,0.0557,7.4055,7.5111,49.0083,104.8366,0.0838,19.244,22.777,34.5525,119.8673,0.1669,0.0271
koniq_10446810546_clean_0.jpg,clean,90.3174,60.2863,1411.7525,0.2398,0.0346,131.2284,0.1214,7.8234,7.652,76.8642,104.4056,0.1583,24.2858,17.2459,33.3692,117.7965,0.0632,0.0248
koniq_10597114264_clean_0.jpg,clean,84.5381,63.4812,1907.7727,0.3142,0.01,154.7184,0.1434,9.2284,7.504,83.5988,116.3406,0.1732,27.4628,20.9446,29.107,113.0111,0.1544,0.0206
koniq_10615424764_clean_0.jpg,clean,190.8032,98.6319,261.5049,0.1215,0.7001,8.6355,0.0244,3.7111,3.3351,20.8294,79.7126,0.0392,10.6021,21.791,74.4756,182.7113,0.7645,0.0223
koniq_10680502673_clean_0.jpg,clean,170.1079,25.5409,1026.4103,0.0001,0.0252,79.5544,0.1294,6.5506,6.6637,62.5679,65.2203,0.0942,16.6901,7.2648,9.6361,35.6361,0.0026,0.0201
koniq_107799222_clean_0.jpg,clean,189.2016,32.287,548.828,0.0113,0.0711,12.2519,0.0485,5.0366,5.8967,43.0267,65.6153,0.048,11.9066,14.2026,14.3276,50.3341,0.0135,0.0205
koniq_10828395135_clean_0.jpg,clean,116.7987,29.5992,486.0339,0.0058,0.0074,114.282,0.0697,4.5792,6.7985,42.6431,53.2155,0.048,12.2491,9.8626,12.8873,44.384,0.0003,0.0252
koniq_10866561184_clean_0.jpg,clean,189.1233,41.1311,430.9788,0.0008,0.3404,78.5308,0.0603,4.3541,7.0547,42.9636,56.8144,0.0491,13.6227,10.1138,25.2536,110.6406,0.0084,0.025
koniq_10899733355_clean_0.jpg,clean,134.8682,57.5853,5958.9042,0.0664,0.0937,123.5087,0.3049,16.0997,7.8187,177.2535,141.2974,0.4615,39.6787,13.2767,26.3324,97.9565,0.0313,0.0223
koniq_10921653346_clean_0.jpg,clean,42.3628,49.9957,685.5753,0.584,0.0135,198.8182,0.0618,5.6668,6.4971,52.9747,110.8943,0.0965,19.0504,23.2341,27.4254,82.1088,0.4653,0.026
koniq_10953973716_clean_0.jpg,clean,78.5309,35.1566,915.6028,0.1164,0.004,191.7712,0.0873,6.6273,7.043,66.6778,79.3421,0.0972,17.8368,13.4309,18.1449,64.2756,0.0111,0.0234
koniq_11159983896_clean_0.jpg,clean,117.5304,86.1751,518.6266,0.2537,0.2454,71.1388,0.0535,4.7165,7.5781,37.3221,48.4701,0.0368,11.4936,10.7812,76.9147,221.1699,0.1517,0.0242
koniq_11250215644_clean_0.jpg,clean,146.8076,58.0068,747.2752,0.0673,0.0552,111.6211,0.065,5.9317,7.6357,56.0788,104.7542,0.1046,19.7549,18.595,38.8959,124.5721,0.0361,0.0256
koniq_11269626135_clean_0.jpg,clean,81.1156,63.6108,4118.9213,0.3725,0.0459,135.0359,0.1594,13.4384,7.5613,120.0575,162.1051,0.273,35.9229,23.2949,26.3136,98.9972,0.151,0.023
koniq_11273190884_clean_0.jpg,clean,164.1194,70.7815,2170.707,0.051,0.3422,131.6487,0.1663,9.7858,7.7193,110.6223,131.9464,0.2328,35.2051,22.1385,36.0571,106.5601,0.2017,0.0238
koniq_11321228905_clean_0.jpg,clean,99.0469,61.7569,3622.0229,0.151,0.0315,165.4038,0.1629,11.6586,7.6992,81.7163,92.6361,0.154,20.8147,14.6556,42.8514,140.9837,0.0577,0.0215
koniq_11369797883_clean_0.jpg,clean,69.5232,60.7439,1513.4795,0.494,0.0114,196.972,0.1065,8.2079,7.3035,70.7544,112.5275,0.1615,23.621,21.6563,32.8008,106.3102,0.1596,0.0263
koniq_1360663704_clean_0.jpg,clean,112.238,49.8235,6873.9748,0.0934,0.0117,158.6382,0.2005,16.2926,7.6268,114.5355,121.8271,0.2751,27.2801,18.4879,25.1068,73.0376,0.0329,0.0203
koniq_136948336_clean_0.jpg,clean,118.016,85.6621,4311.3174,0.291,0.2283,63.7553,0.1568,13.5168,7.7764,110.6183,148.591,0.2432,36.1848,24.5436,52.3842,180.1991,0.1782,0.0243
koniq_1519242706_clean_0.jpg,clean,175.3618,49.2606,1681.4918,0.0144,0.2141,86.2259,0.0963,9.1218,7.2323,58.551,99.2749,0.095,14.6826,17.2294,35.8171,92.1163,0.0317,0.02
koniq_2044507520_clean_0.jpg,clean,75.4748,20.3711,182.5282,0.0078,0.0036,170.5256,0.0165,2.7434,5.5196,10.9634,44.2102,0.0207,3.7999,10.5888,9.5417,31.3543,0.0015,0.0186
koniq_2152767186_clean_0.jpg,clean,66.5845,32.3779,271.9112,0.1902,0.0111,232.3716,0.0357,3.453,6.5218,26.9432,65.7713,0.0509,10.6823,15.6845,16.6676,55.1182,0.007,0.0239
koniq_234944177_clean_0.jpg,clean,175.4717,55.1513,374.9858,0.0227,0.2628,101.1728,0.023,4.3589,7.4527,39.0657,65.8738,0.0307,13.2302,14.5031,37.5673,125.7489,0.0722,0.018
koniq_2362202039_clean_0.jpg,clean,142.8086,24.5839,242.3757,0.0075,0.0051,124.1034,0.0236,3.3812,4.9735,19.1286,61.0796,0.0344,6.8595,13.5907,5.5523,17.77,0.0004,0.0213
koniq_2444937456_clean_0.jpg,clean,183.7484,38.053,4112.8254,0.0022,0.1927,101.9977,0.3276,12.7088,7.1598,118.8816,73.0758,0.2831,25.0089,7.015,19.5779,77.7781,0.03,0.0122
koniq_2517718928_clean_0.jpg,clean,71.8793,55.4185,1684.9234,0.4142,0.0072,21.7194,0.1021,8.4575,7.3116,63.0368,75.0608,0.0964,18.3955,13.1364,34.5168,109.5988,0.0491,0.0243
koniq_2578890441_clean_0.jpg,clean,111.7901,65.3631,1775.9989,0.1219,0.1149,127.8958,0.1464,8.8696,7.7712,90.1529,113.7481,0.1933,26.8842,18.7705,40.957,142.106,0.0753,0.0238
koniq_2785267250_clean_0.jpg,clean,159.7548,98.7308,449.0437,0.2103,0.4859,41.57,0.0369,4.4121,5.9397,34.4971,75.9486,0.0527,13.9917,20.575,82.0749,230.2298,0.5591,0.0233
koniq_2808286292_clean_0.jpg,clean,125.2141,83.9735,3638.0066,0.1755,0.2273,74.9958,0.1711,12.4114,7.3587,106.4049,135.3923,0.2414,31.5446,23.0334,54.5316,164.075,0.2662,0.0235
koniq_2818844013_clean_0.jpg,clean,168.4855,85.3468,2578.8664,0.1101,0.4533,52.969,0.1746,10.8863,7.2718,107.7738,141.9875,0.2506,33.2467,23.0825,64.8673,187.4503,0.4113,0.0224
koniq_2839494557_clean_0.jpg,clean,119.0676,35.1944,2035.1797,0.0364,0.0023,139.1819,0.1452,8.9617,7.0885,74.7461,59.4777,0.0857,17.7927,8.4698,16.2883,66.1663,0.0015,0.0165
koniq_2937190977_clean_0.jpg,clean,118.5791,87.3347,4701.9332,0.3019,0.1425,77.7444,0.1403,14.1903,7.5623,98.1283,146.2523,0.2164,27.0286,22.5916,67.7061,209.9248,0.2604,0.0252
koniq_2939787669_clean_0.jpg,clean,113.3127,83.4437,2099.0308,0.267,0.1982,65.3895,0.1582,9.7482,7.2856,106.8718,134.1624,0.2585,32.5536,21.7755,55.6339,173.775,0.2132,0.0236
koniq_2941933060_clean_0.jpg,clean,168.1348,70.9971,1683.6385,0.0403,0.3645,124.1618,0.1325,8.6433,6.6446,66.1278,87.7513,0.1292,16.8647,16.5353,54.3648,169.2644,0.3192,0.0191
koniq_2964711556_clean_0.jpg,clean,163.6806,77.5135,1177.3573,0.0589,0.4479,85.5792,0.0688,7.2932,7.3281,62.6641,123.2285,0.123,25.9622,25.7091,37.152,136.1511,0.0824,0.0266
koniq_2990464677_clean_0.jpg,clean,126.5219,96.8828,416.3878,0.2829,0.3283,149.319,0.0528,4.3071,7.3472,45.8496,80.1796,0.0757,18.5442,20.2128,71.7507,232.8223,0.4042,0.0212
koniq_3026852045_clean_0.jpg,clean,19.2559,47.5622,8185.034,0.857,0.0134,68.0033,0.126,17.9423,3.6313,96.324,176.1814,0.2255,27.2735,24.6002,7.6677,26.384,0.8378,0.0268
koniq_3073970642_clean_0.jpg,clean,66.8143,52.4684,342.5206,0.4436,0.0195,209.5551,0.0298,4.2156,7.1519,35.7992,86.3883,0.0531,12.0952,18.5315,37.6333,122.6829,0.1405,0.0269
koniq_313424539_clean_0.jpg,clean,64.707,39.8903,1328.1958,0.2703,0.0091,103.3,0.1085,7.7503,7.066,72.4533,99.5679,0.1246,20.1721,16.9695,14.3193,49.1007,0.027,0.0232
koniq_318700026_clean_0.jpg,clean,109.9223,53.9503,1985.2919,0.119,0.0631,142.7151,0.0788,8.4304,7.4967,53.2778,79.9379,0.0973,16.3816,14.8645,32.0944,153.2968,0.0252,0.0261
koniq_3253636665_clean_0.jpg,clean,143.7118,68.281,5458.5575,0.1598,0.0816,81.9842,0.1685,15.0428,7.5506,103.1642,136.2449,0.2467,26.9987,20.9587,44.6399,132.6613,0.0315,0.023
koniq_3255665645_clean_0.jpg,clean,176.529,56.0067,1594.6969,0.0059,0.3007,109.1883,0.1144,8.722,7.408,63.481,92.496,0.1337,17.5955,13.7778,41.533,123.0502,0.159,0.0244
koniq_3315237185_clean_0.jpg,clean,131.187,63.3975,1426.4842,0.1154,0.0013,157.9398,0.1126,7.8429,7.4807,63.4016,87.9512,0.1305,18.1328,16.7652,46.5584,147.8893,0.0395,0.0259
koniq_3320115265_clean_0.jpg,clean,166.7648,86.0595,22047.8483,0.1436,0.4693,73.9779,0.2839,30.4033,7.389,307.1761,282.5468,0.5844,75.3222,14.0697,21.7135,76.1737,0.3315,0.0123
koniq_3362731032_clean_0.jpg,clean,88.5364,55.1082,459.2839,0.2942,0.0068,206.5129,0.0239,4.5496,7.2762,24.4199,67.4866,0.0352,9.5991,14.8347,37.373,132.3075,0.0755,0.0224
koniq_3367220434_clean_0.jpg,clean,47.4701,51.4793,338.2027,0.5983,0.0008,148.6591,0.0427,4.1498,6.376,29.5265,64.0852,0.0525,11.1192,12.7323,38.1884,135.6949,0.4617,0.0246
koniq_3423896683_clean_0.jpg,clean,128.2156,78.4359,4159.7652,0.1691,0.1952,146.1079,0.2051,14.3078,7.931,151.1808,167.1884,0.3478,45.5519,20.6385,28.7832,89.464,0.1433,0.0219
koniq_3463146453_clean_0.jpg,clean,188.6288,94.7509,1054.079,0.1463,0.6496,15.924,0.0566,6.8524,4.4822,50.6941,125.3089,0.0958,21.0278,29.8142,60.6729,192.9188,0.67,0.028
koniq_3662997757_clean_0.jpg,clean,110.1725,93.717,835.9462,0.409,0.2803,42.8943,0.0868,6.1925,7.1872,57.0516,98.9085,0.1123,19.6485,21.0368,79.862,223.4916,0.2669,0.0241
koniq_3773463532_clean_0.jpg,clean,116.5221,56.8458,2584.6983,0.0322,0.0713,77.7337,0.1326,9.9839,7.6206,77.9251,82.005,0.1265,20.1075,14.2251,31.53,108.0879,0.0149,0.0218
koniq_3815098207_clean_0.jpg,clean,80.9427,55.3513,2178.0921,0.1958,0.0291,137.1546,0.1151,9.2521,7.2787,69.8963,89.0817,0.1416,19.8882,16.9376,32.1167,108.8742,0.0168,0.0266
koniq_3921589638_clean_0.jpg,clean,103.6866,73.8659,548.2424,0.3466,0.0179,127.1153,0.0693,5.2003,7.5042,54.1175,90.7032,0.0956,22.3927,20.3033,43.9956,152.3472,0.1836,0.0138
koniq_3948135332_clean_0.jpg,clean,138.5431,42.9595,1122.7572,0.0276,0.0067,117.3808,0.1474,6.7235,7.348,75.7555,56.6301,0.0918,20.5431,10.8547,18.3545,63.0109,0.0062,0.0163
koniq_3961459513_clean_0.jpg,clean,169.1389,46.6396,1238.6693,0.0267,0.0997,89.7172,0.1464,7.3576,7.2584,79.9611,79.4994,0.1184,21.7338,14.2036,11.9591,54.5933,0.0099,0.0202
koniq_411025625_clean_0.jpg,clean,139.2504,90.3063,125.2706,0.2302,0.4884,32.117,0.0252,2.4269,6.4366,30.5087,60.2289,0.0336,12.3629,18.8968,69.3435,179.0789,0.0478,0.0228
koniq_4185039279_clean_0.jpg,clean,160.7618,81.3288,1737.1476,0.1328,0.4768,39.8241,0.1263,9.0882,7.1256,88.1554,135.9622,0.2107,26.8027,26.16,56.8508,183.8793,0.0299,0.0241
koniq_4194428227_clean_0.jpg,clean,86.5052,55.1627,1350.9695,0.2702,0.0086,132.272,0.1064,7.4257,7.6158,61.7713,76.9134,0.088,19.1981,14.2097,29.7823,93.7405,0.0669,0.0193
koniq_4228738752_clean_0.jpg,clean,55.9459,57.8144,153.6032,0.6088,0.0118,208.7083,0.0249,2.668,7.0078,28.2984,54.6258,0.0329,11.2421,14.7799,33.8215,95.6653,0.1863,0.0209
koniq_4237536969_clean_0.jpg,clean,118.514,23.7679,538.2122,0.008,0.0003,135.7878,0.0428,4.891,6.4568,28.5091,53.0453,0.0391,7.8495,10.7799,13.34,49.4117,0.0008,0.0252
koniq_4251971063_clean_0.jpg,clean,132.1205,29.7248,131.6378,0.0577,0.0026,140.1562,0.0097,2.4931,5.145,13.0208,45.6677,0.0164,4.2947,11.3252,14.6224,54.6811,0.0082,0.0151
koniq_4281731487_clean_0.jpg,clean,123.0909,64.3026,461.3999,0.0635,0.1198,157.0865,0.0987,4.5254,7.7711,59.8941,68.3662,0.0913,20.8995,14.2458,39.7701,135.1779,0.0775,0.0223
koniq_4305975001_clean_0.jpg,clean,128.9114,89.7114,1671.6707,0.2299,0.2852,119.7668,0.084,8.9031,7.6354,75.7966,145.0936,0.1443,29.8818,30.2006,51.6422,174.207,0.1779,0.0312
koniq_432860543_clean_0.jpg,clean,172.1485,62.5245,4355.891,0.0362,0.3336,57.1056,0.123,14.1305,7.634,98.3133,153.1901,0.2054,29.7591,25.7904,28.8542,101.4183,0.1466,0.0253
koniq_4344642946_clean_0.jpg,clean,195.9423,83.3394,1435.3689,0.0747,0.6501,24.8381,0.0695,7.8118,5.3973,54.4497,115.9016,0.1114,19.6016,25.4076,49.3665,181.6958,0.6014,0.0289
koniq_4495630749_clean_0.jpg,clean,80.3618,59.5993,2170.867,0.3396,0.0232,141.8945,0.1469,10.3108,7.5604,91.2957,117.7141,0.2059,26.9431,17.6574,25.4074,80.3651,0.1022,0.0248
koniq_4524766514_clean_0.jpg,clean,131.1299,53.4171,4630.6953,0.1234,0.0028,92.464,0.1245,13.7746,7.0654,94.6258,162.4153,0.2199,28.1528,27.7018,20.0046,61.0412,0.0424,0.0257
koniq_4563172093_clean_0.jpg,clean,102.3186,53.2347,3393.9315,0.1333,0.0129,139.2399,0.1807,11.7022,7.7015,104.4334,94.1744,0.2225,28.6592,14.0254,28.1019,86.9365,0.0495,0.0282
koniq_4619633197_clean_0.jpg,clean,155.7167,97.2587,636.4767,0.2695,0.4699,26.2501,0.0362,5.4669,7.0385,33.103,93.6881,0.0595,14.2934,22.8158,68.513,193.2471,0.3948,0.0252
koniq_4710464067_clean_0.jpg,clean,197.0899,30.0457,381.0469,0.0001,0.3065,109.6624,0.0618,4.1942,6.8257,52.8057,51.8401,0.0491,17.3154,9.3123,6.9262,25.0998,0.0281,0.0168
koniq_4881913692_clean_0.jpg,clean,60.9364,48.034,1664.3499,0.3037,0.0004,186.5625,0.0595,7.7374,5.1309,36.7049,86.8237,0.0831,11.9773,17.8677,31.3322,99.4104,0.0269,0.0291
koniq_4992884384_clean_0.jpg,clean,142.0566,37.0677,524.6103,0.0162,0.0204,91.422,0.0307,5.0652,6.2111,29.2434,77.3871,0.0531,10.2363,15.6318,20.3267,81.8988,0.0014,0.0259
koniq_5079448176_clean_0.jpg,clean,167.03,14.549,45.6691,0.0046,0.0,106.5233,0.0022,1.4704,5.2087,6.3128,24.0363,0.0036,1.6796,6.2258,8.5117,30.9335,0.0003,0.0061
koniq_5095300668_clean_0.jpg,clean,207.1905,65.5763,1095.846,0.0006,0.6385,80.9151,0.1016,6.7658,4.2749,50.3471,93.1298,0.1078,16.4337,19.2871,36.6702,114.1034,0.6315,0.026
koniq_5097068931_clean_0.jpg,clean,139.1162,17.2159,483.9975,0.0015,0.0087,146.1864,0.0143,4.4573,5.5495,34.2941,38.9078,0.0125,7.831,7.2621,8.9141,39.0973,0.0017,0.0175
koniq_5175429795_clean_0.jpg,clean,120.2295,71.8707,1219.597,0.1306,0.155,95.0336,0.0912,7.6162,7.7054,63.3491,96.7556,0.1262,19.359,17.6344,54.8038,180.7825,0.0665,0.0252
koniq_5195185160_clean_0.jpg,clean,77.4691,69.9019,987.2297,0.4269,0.0665,84.3922,0.1019,6.7471,7.5243,74.8286,121.3241,0.1526,27.4661,23.542,41.141,168.2049,0.1825,0.0269
koniq_5241841036_clean_0.jpg,clean,101.3496,75.7933,1188.3962,0.3444,0.0123,67.3421,0.0708,7.3363,6.5653,55.451,113.5737,0.1084,19.8395,23.7402,56.7864,165.6204,0.2786,0.0285
koniq_5310130081_clean_0.jpg,clean,140.0331,68.84,619.3714,0.0414,0.1765,97.508,0.0696,5.3507,7.798,54.3871,79.3213,0.0766,19.5905,18.6422,39.7098,141.1657,0.055,0.0239
koniq_5365003071_clean_0.jpg,clean,125.6255,87.5435,335.8152,0.3213,0.2056,168.7244,0.0303,4.4321,7.1828,37.8663,91.421,0.0576,15.7484,21.2049,60.07,162.221,0.1351,0.0284
koniq_5419962760_clean_0.jpg,clean,199.3629,88.2855,190.2837,0.0787,0.6921,59.8546,0.0201,2.9098,3.511,19.3911,61.2068,0.0314,8.9653,18.8747,66.7681,208.2273,0.7076,0.0196
koniq_5454884110_clean_0.jpg,clean,186.8614,61.3131,1198.5127,0.0184,0.3869,100.6713,0.1087,7.0612,6.349,67.9115,94.6127,0.1426,23.6989,18.6512,34.7647,111.5057,0.3271,0.0232
koniq_5460394455_clean_0.jpg,clean,79.2301,49.4536,2126.6857,0.2018,0.0073,184.9017,0.1557,9.428,7.4521,87.303,105.8858,0.2007,25.9887,15.4624,23.037,91.1706,0.0534,0.0223
koniq_5470588240_clean_0.jpg,clean,178.4491,72.2753,849.1587,0.0642,0.5331,49.2112,0.1092,6.531,7.0037,74.4197,116.2331,0.1739,24.1995,24.3927,31.4091,105.2069,0.0649,0.0264
koniq_5511925995_clean_0.jpg,clean,138.2752,48.8205,579.5901,0.0244,0.0547,115.3386,0.0772,4.9128,7.6234,61.507,63.7212,0.0846,19.7026,13.4469,26.2753,105.5667,0.0177,0.0196
koniq_5543296873_clean_0.jpg,clean,52.1433,55.0628,274.9068,0.5857,0.0297,211.7003,0.0458,3.6466,6.9926,39.2634,73.6229,0.067,15.6974,17.2643,30.6444,89.294,0.2464,0.0214
koniq_5564570846_clean_0.jpg,clean,137.6066,18.4226,255.2051,0.0141,0.001,142.019,0.0122,3.4261,4.9455,15.2386,63.5216,0.027,4.8817,13.5772,6.3752,24.3656,0.0108,0.0168
koniq_5621947330_clean_0.jpg,clean,69.1564,57.1362,704.0243,0.4125,0.0427,74.1548,0.0623,5.804,7.2145,60.042,80.3785,0.0673,16.9662,16.1866,26.9503,101.8394,0.0671,0.0183
koniq_5677116051_clean_0.jpg,clean,84.3999,52.4881,7665.9024,0.1829,0.0279,94.5777,0.201,16.9775,7.5256,119.3652,130.4365,0.255,30.5426,20.6383,20.77,75.5162,0.0732,0.0253
koniq_5796747370_clean_0.jpg,clean,154.5715,66.4203,3466.4905,0.0605,0.203,152.9345,0.2301,11.8794,7.6519,110.2967,97.5586,0.2442,26.3983,14.655,46.5446,131.3484,0.0159,0.0177
koniq_5856265647_clean_0.jpg,clean,163.4791,86.8963,1758.2889,0.1482,0.4242,61.5472,0.1124,9.213,7.2704,85.9718,143.7792,0.1631,34.3481,29.3573,34.7587,103.3839,0.3062,0.0267
koniq_5906952351_clean_0.jpg,clean,119.2185,71.3518,5522.0156,0.2234,0.0718,70.5573,0.1674,14.1763,7.7753,118.3633,135.6874,0.2665,36.2762,23.1839,36.0413,110.4884,0.1226,0.0246
koniq_5914848066_clean_0.jpg,clean,197.0168,50.8035,175.9545,0.0281,0.4954,48.8958,0.036,2.9682,7.0321,36.5578,64.1805,0.0496,14.7047,16.5614,30.904,119.4657,0.0835,0.0204
koniq_5936297940_clean_0.jpg,clean,58.5613,45.7367,896.4642,0.318,0.0196,168.8073,0.0431,6.3981,6.4424,43.042,105.7941,0.0687,15.2272,22.2914,17.0429,72.7054,0.0459,0.0263
koniq_5943227958_clean_0.jpg,clean,77.9421,33.7728,111.2705,0.0592,0.006,182.398,0.0243,2.2604,6.7429,24.2489,38.6212,0.0212,8.629,10.1238,19.9816,71.2979,0.0003,0.0227
koniq_5951267818_clean_0.jpg,clean,151.5414,65.9003,2972.3592,0.1065,0.1216,47.5875,0.1749,11.5739,7.5438,115.85,141.7889,0.2553,33.3785,23.1197,32.1297,89.1757,0.0325,0.0219
koniq_5971762123_clean_0.jpg,clean,184.5784,40.2601,848.0475,0.0168,0.1405,12.1217,0.113,6.4999,6.7491,73.459,75.796,0.1169,20.5499,12.5627,14.4579,42.6283,0.0126,0.021
koniq_6010335101_clean_0.jpg,clean,94.1359,47.044,2186.4041,0.0092,0.069,179.3646,0.1182,9.3292,6.1063,60.8381,95.0714,0.119,15.8557,17.1555,22.7544,67.9945,0.0435,0.0235
koniq_6059676315_clean_0.jpg,clean,139.6778,48.1647,728.555,0.0321,0.0576,83.5858,0.0832,5.657,7.5233,56.6493,85.9281,0.1109,19.4842,17.5258,25.5511,100.8659,0.0243,0.0258
koniq_6061284714_clean_0.jpg,clean,123.781,77.165,800.5811,0.2141,0.1656,133.2577,0.0892,5.9242,7.9227,68.6565,93.6015,0.1152,26.2325,21.5572,34.7191,145.5473,0.1492,0.0231
koniq_6118760299_clean_0.jpg,clean,93.929,44.0098,502.7497,0.0566,0.0023,140.6042,0.0615,4.6799,7.2466,45.741,75.1283,0.0767,16.3223,16.1504,23.8752,85.2546,0.0019,0.0254
koniq_6185806763_clean_0.jpg,clean,149.687,24.4267,233.1363,0.0008,0.0027,150.2181,0.0254,3.283,6.5928,20.4008,46.8432,0.0307,6.984,8.636,9.316,33.0959,0.0,0.0238
koniq_6191653562_clean_0.jpg,clean,110.022,39.2672,2651.5355,0.0565,0.0007,147.2188,0.2505,11.5223,7.2888,117.8578,108.9081,0.2875,28.4917,11.9167,8.0558,29.7002,0.0197,0.0163
koniq_6216628901_clean_0.jpg,clean,170.2112,47.5699,543.9878,0.0149,0.0809,112.169,0.0529,4.6894,7.1007,36.2895,51.6402,0.0432,12.7579,13.2139,29.1457,100.0859,0.0293,0.0234
koniq_6230011878_clean_0.jpg,clean,68.5916,21.4156,723.9232,0.0782,0.0014,213.3047,0.0294,5.1968,6.1948,21.4456,53.4595,0.0374,6.5209,9.6377,13.5434,49.324,0.0085,0.0215
koniq_6256829619_clean_0.jpg,clean,169.5564,98.6771,1647.2761,0.1601,0.5533,12.1912,0.0635,8.5991,4.7461,52.093,122.6271,0.1015,17.0633,24.9285,69.9109,212.0041,0.5624,0.0244
koniq_6307302399_clean_0.jpg,clean,89.7028,61.7174,2209.5809,0.2629,0.0405,137.5135,0.149,10.5793,7.5526,101.6329,140.6326,0.2166,31.0898,23.5089,20.4499,88.4113,0.038,0.0221
koniq_6343064519_clean_0.jpg,clean,205.9261,26.9856,101.5854,0.0,0.4163,12.5391,0.0195,2.0761,6.4583,14.8105,33.8647,0.0138,5.5204,8.2088,20.2034,79.8034,0.0183,0.0205
koniq_6344902938_clean_0.jpg,clean,109.6862,78.5702,2079.5149,0.2568,0.1392,30.4005,0.111,9.0898,7.6537,73.0783,83.3626,0.1164,20.2242,14.9613,63.4402,192.6478,0.0772,0.0232
koniq_6346994570_clean_0.jpg,clean,103.5289,18.6165,167.6458,0.0199,0.0064,130.9226,0.0154,2.7363,3.021,12.1531,45.1264,0.0231,4.7288,11.7338,1.7184,7.6618,0.0063,0.0194
koniq_6608109869_clean_0.jpg,clean,66.0621,48.4195,756.2654,0.3602,0.0031,157.6428,0.1157,5.6937,7.2009,64.6382,70.379,0.1054,17.7046,12.6752,24.3244,91.1342,0.0479,0.024
koniq_6729759239_clean_0.jpg,clean,104.1121,46.5861,1251.6023,0.0444,0.0257,103.9141,0.1221,7.1548,7.4857,67.9543,72.1274,0.0843,18.7485,12.9579,24.9374,82.1895,0.0124,0.0161
koniq_6757989209_clean_0.jpg,clean,143.1986,71.8039,290.0485,0.0972,0.2413,129.3529,0.0336,3.5458,7.8288,37.8644,78.7183,0.0527,18.5641,20.3398,32.5826,101.415,0.0892,0.0235
koniq_6787512667_clean_0.jpg,clean,172.136,70.821,666.53,0.0549,0.3077,47.6924,0.0778,5.7531,7.3055,61.0202,98.5992,0.1008,23.075,20.5924,45.9542,142.2255,0.2622,0.0244
koniq_6829189111_clean_0.jpg,clean,192.8183,14.8318,104.1616,0.003,0.0003,6.2569,0.0057,2.2649,5.001,18.3349,36.2967,0.0081,5.2977,7.6497,6.497,23.9781,0.0016,0.0103
koniq_6845848072_clean_0.jpg,clean,101.3227,59.9072,1508.1137,0.2483,0.0027,121.585,0.0931,8.2614,7.3182,61.9016,103.968,0.125,18.0773,19.6743,41.1037,129.3463,0.0728,0.0258
koniq_6862989864_clean_0.jpg,clean,105.8824,67.5577,5284.2471,0.2015,0.0815,106.1747,0.2248,15.0487,7.8936,156.7534,162.4548,0.375,45.4178,19.2785,17.4018,62.5938,0.0718,0.0201
koniq_6870048801_clean_0.jpg,clean,175.2189,55.6185,1817.6854,0.0183,0.3482,40.3256,0.1265,9.555,7.0389,73.9855,117.5716,0.1579,19.8712,18.3807,42.6624,114.7838,0.0066,0.0244
koniq_6897314758_clean_0.jpg,clean,110.6619,55.4294,1787.4226,0.0775,0.039,94.3303,0.1478,9.0407,7.6176,87.4947,99.5581,0.1609,24.4324,15.1622,37.1233,120.4911,0.0154,0.0219
koniq_6900924910_clean_0.jpg,clean,141.0821,87.117,3471.4054,0.1407,0.3186,80.8409,0.1864,12.448,7.1853,118.9375,148.8773,0.2887,34.436,23.9159,59.4797,199.0518,0.3253,0.022
koniq_6915781600_clean_0.jpg,clean,184.1212,55.773,1928.5476,0.0093,0.4072,87.037,0.1521,9.1051,7.3606,82.5502,103.1135,0.1875,22.9887,17.5319,34.8726,107.6667,0.2225,0.0215
koniq_6965249888_clean_0.jpg,clean,148.9584,62.2031,776.206,0.0198,0.2241,128.762,0.0556,6.7059,7.6233,48.084,106.2925,0.0908,17.0648,18.8477,41.2078,156.2236,0.0346,0.0245
koniq_7005136305_clean_0.jpg,clean,98.2028,79.9101,1038.7037,0.3649,0.0845,126.8012,0.1046,7.2213,7.6796,80.108,121.9424,0.1568,27.0924,22.6098,43.3171,139.9719,0.1869,0.0263
koniq_7029108053_clean_0.jpg,clean,177.4759,26.5933,140.4524,0.0032,0.0126,65.6177,0.0217,2.6658,6.2946,17.8664,43.5305,0.025,6.1724,8.9141,16.7756,61.4214,0.0,0.0195
koniq_7108939139_clean_0.jpg,clean,96.8889,44.0103,973.9815,0.0976,0.0065,117.473,0.1008,6.4447,7.3637,60.566,80.9897,0.103,20.1013,13.8776,20.7396,80.1625,0.0062,0.0225
koniq_7154088130_clean_0.jpg,clean,172.6087,52.2732,1139.5903,0.0697,0.0272,123.9083,0.0816,6.9789,6.6512,56.5817,80.0072,0.0825,14.5987,16.1652,29.8867,113.1819,0.0079,0.0248
koniq_7163375274_clean_0.jpg,clean,189.6512,84.3262,292.9757,0.0545,0.5657,0.0,0.0212,3.7823,5.442,26.2326,81.243,0.0355,12.6545,22.517,56.0381,197.4257,0.5337,0.0197
koniq_7215678842_clean_0.jpg,clean,102.0022,39.8596,1298.9518,0.0234,0.0121,131.0254,0.0767,7.1968,7.2404,40.0796,72.5136,0.0796,10.8615,13.3464,21.4008,70.7035,0.0056,0.0274
koniq_7255289130_clean_0.jpg,clean,108.2452,72.2291,5510.2321,0.1769,0.1405,45.244,0.2176,15.181,7.5679,137.9534,159.9,0.3027,40.2069,25.5717,23.3696,74.1221,0.1878,0.0197
koniq_7283094026_clean_0.jpg,clean,140.4144,69.9515,4112.0107,0.1289,0.1138,106.6564,0.1489,13.4282,7.764,107.1544,144.381,0.2341,28.6244,21.5829,49.6248,148.1722,0.0433,0.025
koniq_7329465526_clean_0.jpg,clean,129.0386,78.6374,4487.4345,0.1687,0.1862,107.6026,0.1377,14.1735,7.8921,98.9908,144.8999,0.2115,26.8494,22.0773,51.8563,149.1038,0.138,0.0255
koniq_7365538478_clean_0.jpg,clean,194.7086,77.8349,536.1565,0.0941,0.7105,22.8469,0.0253,5.0858,6.4917,27.9784,92.9456,0.0427,11.549,21.6256,59.157,168.5761,0.3279,0.0232
koniq_7380460592_clean_0.jpg,clean,73.3022,17.5469,266.3917,0.0068,0.0022,69.6497,0.0264,3.5332,5.9536,28.1953,38.9509,0.0163,7.006,7.3043,10.3443,33.7021,0.0004,0.019
koniq_7608025600_clean_0.jpg,clean,73.495,83.7543,2302.2316,0.5357,0.1007,105.194,0.1173,10.3831,6.6776,99.3582,167.0291,0.2061,36.3968,30.8327,35.6626,125.0411,0.4864,0.027
koniq_7734376776_clean_0.jpg,clean,171.2125,66.0082,13410.3856,0.0765,0.2604,24.0815,0.2522,23.9646,7.4183,199.8433,208.7952,0.3999,49.9217,24.9267,15.2913,54.4664,0.0571,0.0176
koniq_7744803492_clean_0.jpg,clean,87.3513,59.7808,1489.6715,0.266,0.0285,140.2827,0.142,8.5878,7.6866,90.1424,120.2554,0.1939,28.8002,18.7164,28.2908,111.5016,0.081,0.0222
koniq_7751952772_clean_0.jpg,clean,134.8794,88.8022,922.225,0.1741,0.3467,63.0345,0.0923,6.2307,7.614,54.6479,83.6168,0.0845,18.0687,17.3861,73.8744,210.4382,0.186,0.0203
koniq_7819353184_clean_0.jpg,clean,164.8894,64.0411,690.6802,0.0489,0.3537,69.3487,0.0801,5.755,7.3592,54.3701,97.4108,0.1124,19.6318,19.7408,42.7514,146.1568,0.006,0.0259
koniq_7914714726_clean_0.jpg,clean,113.785,69.0242,2687.8909,0.1751,0.0974,199.6796,0.2342,10.7435,7.9265,128.352,118.6281,0.3093,38.7091,17.9207,25.5228,83.1297,0.1092,0.0197
koniq_7937116986_clean_0.jpg,clean,65.7312,46.0651,1217.9617,0.329,0.01,113.122,0.1225,7.6764,7.2556,74.0908,98.08,0.1451,21.8435,16.6826,22.7948,88.295,0.0743,0.022
koniq_8035433785_clean_0.jpg,clean,84.2844,77.8208,1682.3715,0.3814,0.0761,113.0569,0.0897,9.1704,6.5223,67.7735,123.8632,0.1369,23.3562,24.4639,24.6125,104.8822,0.3275,0.027
koniq_8086991348_clean_0.jpg,clean,87.5637,60.4263,427.6465,0.3073,0.0098,45.726,0.0481,4.4087,7.5834,52.1855,64.1496,0.0519,16.3612,14.5512,46.4615,164.0241,0.1103,0.0199
koniq_8096129179_clean_0.jpg,clean,114.3121,72.6866,337.7545,0.2339,0.0804,144.5447,0.0783,3.922,7.689,39.8399,52.1609,0.0437,10.9004,10.1631,65.9883,198.785,0.1278,0.0221
koniq_8113498731_clean_0.jpg,clean,118.1116,90.4865,3261.7979,0.236,0.2437,29.1097,0.1608,11.9417,6.9503,103.3437,152.3767,0.2491,30.5411,23.0407,73.736,239.9141,0.3362,0.0274
koniq_8191059336_clean_0.jpg,clean,108.4668,68.8373,6757.3481,0.1929,0.081,199.1864,0.3086,16.6805,7.8966,163.2998,130.5407,0.4295,39.5305,14.3464,37.0395,132.4668,0.0942,0.0185
koniq_8201445603_clean_0.jpg,clean,23.3117,42.2106,468.0602,0.8414,0.0064,98.5047,0.0469,4.8485,5.1833,37.5816,84.7899,0.0621,13.3887,18.6581,19.2749,56.9499,0.6499,0.0225
koniq_8233745351_clean_0.jpg,clean,102.1553,87.9978,2347.1392,0.3454,0.219,54.9094,0.108,10.3342,7.131,81.3222,137.6183,0.1651,26.7869,24.6803,54.8523,216.7136,0.186,0.0252
koniq_8242266673_clean_0.jpg,clean,33.1484,56.4627,268.8585,0.7269,0.0019,109.9274,0.032,3.5007,4.7165,24.8689,60.3433,0.0355,9.6237,16.2522,34.4959,98.9994,0.6677,0.0217
koniq_8274584258_clean_0.jpg,clean,204.2767,92.0943,1019.6949,0.1557,0.7605,18.4211,0.0303,6.5003,3.2255,26.8503,111.1869,0.0464,10.7408,25.0157,64.6076,181.3079,0.7864,0.0233
koniq_8333683532_clean_0.jpg,clean,200.2354,49.4153,655.7767,0.0096,0.4825,42.7012,0.0469,5.6961,7.163,48.4347,90.7559,0.0669,16.1516,18.9838,27.379,94.2683,0.2451,0.0252
koniq_8401416435_clean_0.jpg,clean,103.4116,37.7016,2353.2476,0.0318,0.0118,96.6097,0.1505,9.74,7.153,69.8047,92.7759,0.1501,16.4685,15.3759,23.4611,83.1667,0.0072,0.0215
koniq_8421980802_clean_0.jpg,clean,192.9549,50.5902,2503.6367,0.0215,0.4531,22.634,0.0879,10.4288,7.0895,59.7506,114.4409,0.129,17.1214,19.7143,34.8172,107.6388,0.0473,0.0267
koniq_8441623412_clean_0.jpg,clean,166.9195,32.7116,2012.2819,0.0024,0.0473,131.9465,0.2182,9.1621,6.9896,96.7731,78.1428,0.1963,22.1691,9.0679,13.4643,47.526,0.0006,0.0194
koniq_8450836581_clean_0.jpg,clean,143.2446,36.8519,97.1488,0.0029,0.0392,110.1788,0.0237,2.1715,7.1338,27.1119,38.9745,0.0186,9.887,9.7506,18.4394,64.3534,0.015,0.0219
koniq_8493065081_clean_0.jpg,clean,133.3714,49.081,1602.6734,0.0385,0.0429,62.8997,0.0986,8.3701,7.6029,81.4817,125.313,0.1512,25.981,22.4163,19.4747,84.1044,0.0261,0.0278
koniq_8532727626_clean_0.jpg,clean,94.2061,71.3431,1327.9392,0.3478,0.0023,112.2592,0.0902,7.5673,7.1816,66.0662,111.5011,0.1469,21.5558,21.4731,50.7362,157.3515,0.2296,0.0251
koniq_8546536299_clean_0.jpg,clean,180.8197,39.3916,246.4815,0.0031,0.1443,61.9818,0.0521,3.3317,7.0282,38.4703,59.871,0.0493,13.7224,12.9008,17.4398,62.6804,0.0073,0.0227
koniq_8636811972_clean_0.jpg,clean,50.7054,67.3132,719.5422,0.617,0.0183,108.218,0.0676,5.3011,5.9298,42.2594,77.8739,0.0739,14.9996,18.5308,43.8867,132.0238,0.5498,0.0209
koniq_8638507719_clean_0.jpg,clean,87.2079,68.9376,7466.5044,0.3033,0.0756,156.4515,0.285,17.8275,7.7492,163.4289,145.2698,0.4187,38.4757,17.9008,41.4069,166.2574,0.1597,0.0175
koniq_8639811289_clean_0.jpg,clean,147.9517,61.5961,2475.4384,0.0495,0.1712,130.5829,0.157,10.2029,7.8149,95.4841,113.6367,0.2104,30.2645,16.441,26.935,87.7632,0.0603,0.0243
koniq_8645927718_clean_0.jpg,clean,131.0347,66.5942,2772.0435,0.0608,0.1345,125.0441,0.1786,10.8806,7.7482,95.7861,115.1027,0.2213,27.1647,18.7804,29.4774,112.0813,0.0584,0.0214
koniq_8647880189_clean_0.jpg,clean,191.8052,48.5056,552.6104,0.0042,0.4149,69.3139,0.0659,5.1435,7.2879,43.2034,77.6688,0.074,14.02,15.3537,22.034,86.4446,0.1595,0.0275
koniq_8657980323_clean_0.jpg,clean,143.7506,60.2083,8818.7472,0.0542,0.1482,82.8582,0.2522,18.4175,7.7476,132.0336,128.3026,0.3246,32.3831,17.5894,30.5289,108.7463,0.0172,0.0196
koniq_8675742263_clean_0.jpg,clean,147.6397,36.4258,3888.5799,0.0008,0.0493,100.792,0.2774,12.5496,7.1916,124.0144,98.8676,0.3207,29.5114,9.477,5.6068,19.0157,0.0079,0.0156
koniq_8704133333_clean_0.jpg,clean,83.2233,28.9324,616.0192,0.0616,0.0015,214.0666,0.0609,5.118,6.6364,38.718,68.0499,0.0676,11.2043,12.758,16.0804,63.3284,0.0246,0.0256
koniq_8707214366_clean_0.jpg,clean,140.095,46.7734,1468.3364,0.0436,0.0223,85.6128,0.0653,8.5302,7.152,61.1861,105.9233,0.1031,18.0233,20.2144,24.0762,75.6025,0.0301,0.0246
koniq_8715753944_clean_0.jpg,clean,165.1806,80.221,1159.3528,0.0425,0.4479,51.9763,0.1193,7.7302,6.7551,64.7222,102.0334,0.1486,18.2761,19.3349,68.1818,180.0594,0.4364,0.0221
koniq_8716882404_clean_0.jpg,clean,138.7774,97.3739,17406.2943,0.2819,0.3675,0.0,0.289,26.5763,7.2742,272.4268,257.5329,0.5652,73.3336,25.3777,26.5641,113.0368,0.4006,0.0139
koniq_8728715575_clean_0.jpg,clean,94.5116,50.4284,3252.121,0.1366,0.0175,111.9045,0.275,11.9982,7.6124,125.0522,99.8638,0.3194,30.8379,11.0562,15.7918,53.2699,0.0413,0.0168
koniq_8774523686_clean_0.jpg,clean,33.5682,24.4588,212.0328,0.8198,0.0,213.2182,0.0211,3.1597,5.6296,20.2962,55.5844,0.0294,6.945,12.8546,10.9747,43.0723,0.0405,0.0196
koniq_8841313273_clean_0.jpg,clean,84.8453,65.5029,1772.1535,0.3526,0.0296,132.8088,0.1187,8.8289,7.6591,77.2383,118.5947,0.1531,25.1468,20.6507,39.4494,154.9341,0.1426,0.0243
koniq_8909034593_clean_0.jpg,clean,49.758,39.6797,1368.9074,0.5038,0.0032,185.8899,0.1139,7.9153,6.9284,87.2213,116.1378,0.1637,26.3072,16.6533,8.9537,34.3407,0.1359,0.0259
koniq_8911411937_clean_0.jpg,clean,86.2638,56.3818,10446.4926,0.2168,0.0397,160.99,0.3359,20.1302,7.6317,168.624,129.3924,0.4554,39.215,14.5142,10.6972,34.5879,0.088,0.0157
koniq_8995226934_clean_0.jpg,clean,129.4168,28.2211,2366.9069,0.0129,0.0009,173.2075,0.2142,9.9038,6.7455,90.9165,71.6135,0.1489,20.1959,10.067,7.5574,25.8271,0.0027,0.0159
koniq_9042624878_clean_0.jpg,clean,116.1899,85.4362,1320.6902,0.3007,0.1903,116.5012,0.0796,7.8625,7.6741,68.5266,132.4516,0.1339,27.1857,27.2434,49.8143,186.4051,0.1666,0.0276
koniq_9048453025_clean_0.jpg,clean,111.3167,65.5252,12198.6785,0.125,0.0962,56.648,0.2847,22.8649,7.8502,217.6769,183.812,0.5314,50.1193,14.4904,25.172,89.8959,0.0734,0.0161
koniq_9054377711_clean_0.jpg,clean,116.6491,88.9973,3424.055,0.2707,0.2394,69.1358,0.1651,12.3134,7.3967,104.9946,132.0425,0.2435,29.8466,20.7714,63.9613,196.3634,0.2615,0.0249
koniq_9159337218_clean_0.jpg,clean,127.5876,22.9334,385.2207,0.0042,0.0019,177.9753,0.0399,4.1566,6.469,27.8408,52.9616,0.0395,8.4957,9.1919,11.3386,38.0218,0.0013,0.0263
koniq_9188509301_clean_0.jpg,clean,93.7975,44.063,323.4964,0.0571,0.0124,195.0813,0.0293,3.7183,7.2425,39.7514,36.4633,0.0155,11.9619,8.7476,29.0914,99.2132,0.0332,0.0226
koniq_9249272493_clean_0.jpg,clean,64.0026,60.1745,3430.1154,0.4613,0.0244,103.6507,0.151,11.7874,7.3606,95.1772,123.1181,0.2068,26.2179,20.2606,33.3361,111.7251,0.2702,0.0246
koniq_9251645143_clean_0.jpg,clean,199.1122,23.7516,2048.5149,0.002,0.1405,12.6619,0.0575,8.8686,5.9739,36.3991,84.9686,0.0907,8.6275,13.9917,9.8322,34.4542,0.0021,0.0299
koniq_9255279783_clean_0.jpg,clean,141.6018,63.2697,370.6546,0.0365,0.1913,120.6091,0.0509,3.9469,7.2678,41.0417,63.9279,0.0487,14.9643,14.3494,46.7486,148.6756,0.0401,0.0243
koniq_9256620726_clean_0.jpg,clean,108.9218,59.8419,2218.1399,0.1797,0.028,185.2303,0.0565,8.7139,7.7083,48.5455,94.0701,0.0793,18.018,18.5025,37.9214,120.4543,0.0233,0.0249
koniq_9269537075_clean_0.jpg,clean,160.0874,44.036,72.1807,0.0008,0.151,179.7742,0.0186,1.8474,7.3536,25.0686,36.6349,0.0177,10.5808,8.8421,28.1307,113.2912,0.0556,0.0179
koniq_9379457487_clean_0.jpg,clean,162.8612,28.1854,352.4022,0.0013,0.0093,123.8859,0.0532,4.0684,6.7456,45.9816,59.4979,0.0404,13.2188,12.0058,9.6479,36.679,0.0001,0.0201
koniq_9408208696_clean_0.jpg,clean,123.2363,57.3432,839.2186,0.0026,0.1083,179.4591,0.0692,6.0226,6.8465,46.1428,94.9993,0.0935,14.9461,20.1453,37.3602,119.5023,0.048,0.0249
koniq_9408400121_clean_0.jpg,clean,113.7462,49.9293,3439.6415,0.0191,0.059,80.6575,0.2294,12.4838,7.5001,126.2325,118.8607,0.2902,30.2324,12.8173,23.5554,85.2751,0.0207,0.0219
koniq_9438182965_clean_0.jpg,clean,47.7198,67.412,2382.1781,0.6424,0.0164,55.4285,0.1242,9.6054,4.9273,71.9983,116.0208,0.1746,24.7859,25.4434,25.5845,72.1519,0.5906,0.0233
koniq_9442161547_clean_0.jpg,clean,46.7894,47.7636,921.7629,0.5295,0.0004,164.3144,0.0808,6.4409,6.7759,53.5512,88.6542,0.1022,17.4624,16.4452,26.7343,105.9867,0.3234,0.0248
koniq_9474360756_clean_0.jpg,clean,127.5184,40.5714,290.3191,0.0391,0.0003,141.7548,0.0368,3.8856,6.9685,26.9392,59.7588,0.0451,10.0777,13.2368,22.4373,94.4885,0.0046,0.028
koniq_9490079439_clean_0.jpg,clean,197.3062,56.7482,1183.4483,0.0275,0.4953,81.1722,0.0575,7.6695,6.8151,43.829,97.9694,0.0853,12.3212,18.8211,44.2198,124.4309,0.2511,0.0294
koniq_9522817562_clean_0.jpg,clean,169.5789,56.7487,547.3484,0.0402,0.1424,154.1485,0.0895,5.0443,7.2904,51.5232,71.9569,0.0905,14.6891,13.3335,46.2543,179.9215,0.0083,0.024
koniq_9527980922_clean_0.jpg,clean,145.8855,47.0524,2044.9969,0.0502,0.0326,108.417,0.1848,9.4529,7.4374,99.5456,96.9359,0.228,26.7867,11.5618,24.314,85.0053,0.0231,0.02
koniq_9594906572_clean_0.jpg,clean,104.1331,75.7889,4393.6754,0.3037,0.0438,109.0845,0.1707,13.6689,7.6871,114.3553,145.5969,0.2319,33.2652,23.896,45.7423,160.0855,0.1834,0.0234
koniq_9641836616_clean_0.jpg,clean,176.5054,47.6705,2268.4048,0.0285,0.1257,94.7858,0.1482,9.6961,7.154,88.7057,102.254,0.1789,24.0183,16.2275,22.3325,65.5339,0.0271,0.0248
koniq_9655773082_clean_0.jpg,clean,177.1667,57.3404,642.8401,0.0931,0.055,35.8314,0.0502,5.2911,6.3981,42.1499,75.5518,0.0597,13.6287,17.9856,34.5721,112.9581,0.0394,0.0216
koniq_9723836931_clean_0.jpg,clean,68.6255,44.0489,2248.052,0.2649,0.0138,162.6588,0.1732,9.8645,7.0799,89.2533,118.939,0.2043,23.9932,17.8984,20.5393,69.8186,0.113,0.0221
koniq_9768559232_clean_0.jpg,clean,146.7693,53.9195,2602.0573,0.0269,0.1051,31.1282,0.2735,10.5744,7.7424,125.9866,99.3032,0.2957,31.5431,11.8359,18.8194,68.9255,0.0331,0.0172
koniq_9991999836_clean_0.jpg,clean,139.4354,60.1659,1110.438,0.1216,0.0082,120.9096,0.0775,6.735,7.2128,49.3079,86.7231,0.0887,15.8671,17.3944,39.1817,148.4316,0.0092,0.0234
original_baby_clean_0.jpg,clean,113.1964,58.5265,728.1338,0.0912,0.0544,99.8261,0.1048,5.6142,7.7185,70.1307,74.2314,0.1117,24.7195,13.2658,39.9189,166.6744,0.0525,0.0244
original_candy_clean_0.jpg,clean,141.31,64.165,49.8668,0.0986,0.0791,154.9434,0.0213,1.6303,7.7764,31.9771,46.0497,0.0272,14.303,13.772,25.6043,89.0554,0.0343,0.0195
original_desk_clean_0.jpg,clean,96.6762,54.3408,783.1208,0.115,0.0223,79.9822,0.0924,6.3059,7.6229,54.1889,85.6787,0.1086,13.5786,14.3512,33.0398,115.7057,0.0552,0.0242
original_dining_clean_0.jpg,clean,164.2155,59.9755,483.8452,0.0447,0.195,54.9036,0.0505,4.9402,7.6262,42.2836,78.1344,0.0633,14.1675,17.281,33.8757,115.5456,0.05,0.0257
original_forest_clean_0.jpg,clean,86.4977,54.1605,2502.6456,0.2151,0.0151,144.5521,0.1713,10.5552,7.5249,96.4818,108.5278,0.2104,23.5672,15.5581,32.8373,106.2883,0.0077,0.0221
original_holi_clean_0.jpg,clean,110.9584,62.5198,2053.764,0.1421,0.0799,131.6852,0.1016,8.8979,7.8167,69.5557,101.0184,0.1309,24.0466,19.0431,34.2555,119.6578,0.0294,0.0234
original_human_clean_0.jpg,clean,59.4979,46.9674,514.0946,0.3212,0.0015,103.805,0.0395,4.5205,6.1302,25.8657,56.7738,0.0437,9.0667,12.554,27.7381,103.7592,0.269,0.0269
original_image_clean_0.jpg,clean,56.2958,28.4528,18.1115,0.0152,0.003,151.0698,0.0042,0.9464,3.1027,6.5396,22.3218,0.0047,2.5393,6.7471,15.5029,46.0578,0.0022,0.0143
original_masha_clean_0.jpg,clean,148.5618,54.9375,1252.8177,0.0473,0.0332,187.2029,0.0902,7.3467,6.8722,49.0567,79.0504,0.0928,11.51,13.2681,29.85,88.8338,0.0177,0.0249
original_panda_clean_0.jpg,clean,95.193,65.0842,1663.4927,0.2927,0.0292,133.3023,0.0921,8.2531,7.6993,66.029,91.3564,0.1084,18.6515,15.8314,42.4285,127.8469,0.0936,0.0232
original_smoke_clean_0.jpg,clean,108.6425,53.3294,44.8215,0.0,0.1068,61.1788,0.0128,1.5626,6.8368,30.1884,30.2551,0.0081,10.1046,7.4037,38.1264,134.9162,0.0037,0.0194
original_temple_clean_0.jpg,clean,79.9015,61.8552,1479.8788,0.34,0.0205,150.4036,0.1092,8.731,7.4403,72.9935,109.5537,0.1577,19.1481,19.2754,36.9218,115.7177,0.2447,0.024
original_tiger_clean_0.jpg,clean,84.2429,64.4542,2068.6915,0.2902,0.0469,197.5428,0.1729,9.7721,7.7047,93.3184,103.0778,0.1849,20.5115,16.5218,31.2937,107.3755,0.1272,0.0197
original_zombie_clean_0.jpg,clean,69.2615,52.5117,725.3192,0.4233,0.0,148.7829,0.0409,5.854,6.9019,34.54,88.1301,0.0608,16.6615,19.603,26.7384,89.0188,0.0222,0.0235
koniq_10004473376_defect_0.jpg,defect,99.1162,72.8524,5948.1311,0.2558,0.1154,89.8998,0.2153,15.4777,7.8023,124.7538,146.8021,0.2803,32.8622,22.5742,32.5747,111.2001,0.1047,0.0222
koniq_10069534975_defect_0.jpg,defect,118.924,51.7865,2624.838,0.0951,0.0033,142.1821,0.1567,10.6959,7.5009,91.4207,115.7701,0.2125,25.7175,20.0337,22.3823,99.1494,0.0142,0.0205
koniq_10218118033_defect_0.jpg,defect,115.5106,73.678,2925.5456,0.2422,0.1013,157.4626,0.1476,11.9413,7.8801,108.185,152.9705,0.243,36.4314,22.2219,33.4448,119.9814,0.101,0.0209
koniq_10362672006_defect_0.jpg,defect,99.4388,55.4968,6013.0289,0.1363,0.0237,144.0612,0.2958,15.8071,7.7265,153.012,125.5344,0.3984,35.6673,13.8556,27.1731,93.6479,0.0368,0.018
koniq_10423472445_defect_0.jpg,defect,82.721,65.0068,1250.0001,0.3731,0.0567,82.7106,0.0558,7.4043,7.5086,49.028,104.8221,0.0837,19.2682,22.7733,34.6317,119.8673,0.1703,0.0271
koniq_10446810546_defect_0.jpg,defect,90.8603,60.8905,1537.1474,0.2396,0.0389,130.6921,0.1217,8.1174,7.6613,77.9543,107.4055,0.1604,24.7824,17.9492,33.6292,117.7965,0.0632,0.0232
koniq_10597114264_defect_0.jpg,defect,83.9715,63.5392,1899.7412,0.3152,0.01,154.7648,0.1425,9.2093,7.4971,83.3608,116.3884,0.1732,27.4525,20.95,29.2057,113.0111,0.1553,0.0206
koniq_10615424764_defect_0.jpg,defect,191.3264,98.1629,273.0273,0.1215,0.7002,8.5444,0.0248,3.7505,3.3566,20.8781,79.1655,0.0397,10.6143,21.5575,74.4301,182.7113,0.7645,0.022
koniq_10680502673_defect_0.jpg,defect,169.333,27.7498,1069.6629,0.0064,0.0252,79.6149,0.1296,6.6672,6.7011,62.962,67.0401,0.0953,17.0563,8.1609,9.9989,36.4987,0.0026,0.02
koniq_107799222_defect_0.jpg,defect,187.5632,34.2364,587.4859,0.0113,0.0708,12.2381,0.0491,5.1719,5.9876,43.6323,67.2396,0.0499,12.4055,14.5885,15.0731,50.3341,0.0135,0.0204
koniq_10828395135_defect_0.jpg,defect,117.6868,30.2241,501.5956,0.0057,0.0076,113.1692,0.0688,4.6286,6.8254,42.6192,54.0087,0.0486,12.3902,10.1282,12.6153,44.384,0.0003,0.0238
koniq_10866561184_defect_0.jpg,defect,189.6231,40.8653,433.7858,0.0008,0.3434,78.1449,0.0599,4.3319,7.0445,42.5338,55.4812,0.0483,13.5575,10.031,23.8725,102.6446,0.009,0.0237
koniq_10899733355_defect_0.jpg,defect,134.0522,58.3156,5855.7247,0.0706,0.0937,123.5484,0.3022,15.9698,7.8332,175.9591,141.1452,0.4568,39.4497,13.4127,27.971,109.6933,0.0329,0.0224
koniq_10921653346_defect_0.jpg,defect,42.9147,50.8458,1074.0134,0.5818,0.0163,198.1379,0.0632,6.4669,6.5096,54.9499,117.1596,0.0995,19.6427,24.1314,27.594,82.1088,0.464,0.0185
koniq_10953973716_defect_0.jpg,defect,78.7924,35.4403,929.56,0.1164,0.004,191.3129,0.0877,6.6628,7.0546,66.8049,79.6528,0.0978,17.9564,13.49,18.136,64.2756,0.0111,0.0233
koniq_11159983896_defect_0.jpg,defect,117.2208,86.0883,544.0569,0.2537,0.2454,71.1458,0.0539,4.8097,7.5766,37.7164,49.8652,0.0379,11.7723,11.1076,76.5063,221.1699,0.1517,0.0233
koniq_11250215644_defect_0.jpg,defect,145.1671,58.5844,764.5015,0.0675,0.0547,111.5927,0.0651,5.9669,7.6639,56.1111,104.7382,0.1053,19.9892,18.5878,38.7078,124.5721,0.0362,0.0258
koniq_11269626135_defect_0.jpg,defect,80.9969,63.5792,4130.4191,0.3745,0.0458,135.2475,0.1594,13.4518,7.5585,120.1001,162.0207,0.273,35.9111,23.2661,26.3745,98.9522,0.1493,0.0231
koniq_11273190884_defect_0.jpg,defect,165.2704,70.8022,2172.7781,0.0501,0.3484,129.3392,0.1656,9.7834,7.7076,109.928,131.6036,0.2328,34.945,22.1013,36.9296,118.4693,0.2076,0.0237
koniq_11321228905_defect_0.jpg,defect,98.8953,61.8748,3621.1571,0.1546,0.0315,164.9829,0.1634,11.6619,7.7024,81.8537,92.8085,0.1552,20.9096,14.6565,42.9122,140.9837,0.0577,0.0216
koniq_11369797883_defect_0.jpg,defect,70.4875,62.1249,1503.8247,0.4934,0.0145,195.5877,0.105,8.1728,7.3227,70.1319,111.9341,0.1594,23.5223,21.6402,34.5395,121.5449,0.1596,0.0261
koniq_1360663704_defect_0.jpg,defect,112.5448,49.9347,7182.4265,0.0936,0.0119,157.8266,0.2031,16.6039,7.6298,115.792,122.3466,0.2802,27.6248,18.483,24.7784,73.0376,0.0329,0.0203
koniq_136948336_defect_0.jpg,defect,118.5524,85.5468,4720.4566,0.2885,0.2285,63.18,0.1582,13.9956,7.781,111.7454,149.2043,0.2471,36.4782,24.5478,51.8628,180.1991,0.1769,0.0239
koniq_1519242706_defect_0.jpg,defect,176.0681,49.9081,1686.7637,0.0144,0.2372,85.0437,0.0976,9.1322,7.272,58.8361,99.2819,0.0954,14.8808,17.1449,36.4486,92.1163,0.0321,0.02
koniq_2044507520_defect_0.jpg,defect,76.2109,22.1326,226.9452,0.0078,0.0036,169.6829,0.0171,3.0134,5.5471,11.6025,47.2898,0.0223,4.2714,11.5241,9.0815,31.3543,0.0015,0.0173
koniq_2152767186_defect_0.jpg,defect,66.2897,32.6293,274.9188,0.1966,0.0111,232.3294,0.0362,3.4682,6.5619,27.0722,65.8572,0.0512,10.7662,15.6727,16.8214,55.1182,0.0074,0.0243
koniq_234944177_defect_0.jpg,defect,175.4723,55.1436,374.5315,0.0227,0.2628,101.1681,0.023,4.3563,7.453,38.8978,65.8808,0.0307,13.194,14.5116,37.5672,125.7489,0.0722,0.018
koniq_2362202039_defect_0.jpg,defect,142.8098,24.5837,242.3204,0.0075,0.0051,124.0958,0.0236,3.3808,4.9728,19.0771,61.0937,0.0344,6.854,13.5933,5.5516,17.77,0.0004,0.0213
koniq_2444937456_defect_0.jpg,defect,182.6261,39.4834,4097.6396,0.0022,0.1914,102.016,0.3245,12.6815,7.1989,118.5141,73.7332,0.2803,25.119,7.3984,21.0489,77.7781,0.0299,0.0124
koniq_2517718928_defect_0.jpg,defect,71.6568,55.1706,1764.4378,0.4145,0.0067,23.5359,0.1024,8.5919,7.3053,63.5676,77.4319,0.0972,18.6273,13.5362,34.161,109.5937,0.0486,0.0238
koniq_2578890441_defect_0.jpg,defect,111.4844,64.3433,2793.5474,0.1191,0.1078,127.7771,0.1508,10.5487,7.7772,93.0487,115.3091,0.2044,27.2388,18.8464,40.4461,142.1061,0.0687,0.0211
koniq_2785267250_defect_0.jpg,defect,160.4966,98.1479,821.8894,0.2042,0.4862,42.6111,0.0394,5.6552,5.9544,36.1913,79.3969,0.0578,14.4818,21.0335,81.4034,230.2298,0.5546,0.0157
koniq_2808286292_defect_0.jpg,defect,125.4379,83.6372,4194.0143,0.1738,0.2251,75.1213,0.173,13.1101,7.3663,107.9288,136.1246,0.2472,31.8627,23.0352,54.1833,164.075,0.2638,0.023
koniq_2818844013_defect_0.jpg,defect,168.34,85.4688,2584.5828,0.1093,0.4533,52.692,0.1743,10.9024,7.2708,107.748,142.1204,0.2508,33.254,23.0828,65.0483,188.2458,0.411,0.0225
koniq_2839494557_defect_0.jpg,defect,119.4088,35.6289,2098.9129,0.0363,0.0055,138.6641,0.1467,9.1533,7.1036,76.2708,64.2307,0.0898,18.2717,9.204,16.2181,66.1663,0.0015,0.0169
koniq_2937190977_defect_0.jpg,defect,118.3952,87.4592,4678.209,0.305,0.1425,77.7881,0.1395,14.153,7.5583,97.7951,146.0885,0.2154,26.9379,22.5882,67.9222,209.9248,0.2613,0.0255
koniq_2939787669_defect_0.jpg,defect,114.8167,83.7296,2142.052,0.2619,0.2011,64.8014,0.157,9.8168,7.3119,106.5572,134.5908,0.2568,32.6378,22.0333,55.6055,173.775,0.2132,0.0236
koniq_2941933060_defect_0.jpg,defect,168.7991,71.2368,1706.588,0.0403,0.3728,122.6166,0.1331,8.691,6.6486,66.2853,88.6529,0.1304,17.0915,16.8019,54.101,169.2644,0.3193,0.0192
koniq_2964711556_defect_0.jpg,defect,162.4861,77.9762,1200.4289,0.0619,0.444,85.6029,0.0689,7.3453,7.3399,62.5146,123.0417,0.1227,25.962,25.6767,37.4889,136.1511,0.0816,0.0268
koniq_2990464677_defect_0.jpg,defect,126.6732,96.8944,454.6403,0.2825,0.3293,149.1829,0.0527,4.4837,7.3478,46.2047,81.9913,0.0761,18.7089,20.493,71.6664,232.8223,0.404,0.0197
koniq_3026852045_defect_0.jpg,defect,19.8818,48.3092,8238.1575,0.853,0.0134,68.0033,0.1266,17.9947,3.669,96.981,176.8238,0.2269,27.7514,24.6615,7.8532,26.384,0.8338,0.0269
koniq_3073970642_defect_0.jpg,defect,66.8145,52.4674,342.1895,0.4442,0.0195,209.5593,0.0298,4.2137,7.1504,35.7068,86.408,0.0531,12.0824,18.5372,37.6333,122.6829,0.1405,0.0269
koniq_313424539_defect_0.jpg,defect,64.5957,39.7558,1336.0491,0.2686,0.0089,103.7353,0.1084,7.7805,7.0611,72.423,99.7809,0.1245,20.1695,16.9895,14.1018,47.1531,0.027,0.0234
koniq_318700026_defect_0.jpg,defect,109.9212,53.8095,1954.2681,0.1183,0.0624,142.6636,0.0769,8.3592,7.4959,52.5652,78.6712,0.0948,16.2324,14.5957,32.0943,153.2968,0.025,0.0263
koniq_3253636665_defect_0.jpg,defect,144.3974,68.8938,5462.0658,0.1598,0.101,80.7327,0.1694,15.046,7.5754,103.3708,136.2026,0.2472,27.1522,20.84,45.3013,132.6613,0.0315,0.023
koniq_3255665645_defect_0.jpg,defect,177.614,56.0187,1613.9189,0.0059,0.3115,107.4779,0.1132,8.7489,7.4048,63.1387,92.7396,0.1325,17.5643,13.9225,40.8668,123.0004,0.1604,0.025
koniq_3315237185_defect_0.jpg,defect,132.2292,62.9263,2250.7805,0.1105,0.0018,156.6155,0.1143,9.3864,7.4791,65.3372,90.8815,0.1383,18.5561,17.2513,45.55,147.8893,0.0378,0.0219
koniq_3320115265_defect_0.jpg,defect,166.8453,86.0556,22064.5323,0.1436,0.47,73.8905,0.2837,30.4142,7.3877,307.2534,282.6269,0.5844,75.3356,14.0708,21.7149,76.1737,0.3317,0.0123
koniq_3362731032_defect_0.jpg,defect,88.4846,55.0776,478.079,0.295,0.0068,206.2694,0.0244,4.6463,7.278,24.9369,68.6908,0.0362,9.7457,14.9503,37.396,132.1914,0.0751,0.0223
koniq_3367220434_defect_0.jpg,defect,47.8727,51.6852,372.0254,0.5952,0.0008,148.5991,0.0432,4.2875,6.3822,29.9943,65.5756,0.0537,11.4511,13.1341,37.9212,135.6949,0.4586,0.0229
koniq_3423896683_defect_0.jpg,defect,129.033,78.6317,4193.0478,0.1678,0.2,145.3729,0.2039,14.3443,7.9311,151.0118,167.7268,0.3467,45.6152,20.7822,28.6922,89.464,0.1443,0.0218
koniq_3463146453_defect_0.jpg,defect,188.4673,95.0101,1055.2946,0.1519,0.6496,15.9318,0.0567,6.8539,4.4811,50.6898,125.3331,0.0959,21.0696,29.815,60.7484,192.9188,0.6702,0.028
koniq_3662997757_defect_0.jpg,defect,110.1729,93.6571,817.2534,0.408,0.2803,42.8632,0.0855,6.1246,7.186,56.3531,98.038,0.1107,19.4922,20.9534,79.8618,223.4916,0.2648,0.0243
koniq_3773463532_defect_0.jpg,defect,117.6783,56.9261,2610.1527,0.0297,0.073,77.4921,0.133,10.0318,7.6224,78.1039,82.7926,0.127,20.2591,14.339,31.0643,108.0879,0.0149,0.0217
koniq_3815098207_defect_0.jpg,defect,82.3595,56.32,2242.0423,0.1956,0.0291,135.3319,0.116,9.3728,7.3078,70.6273,90.9157,0.1437,20.4666,17.2896,31.3943,108.8742,0.0168,0.0264
koniq_3921589638_defect_0.jpg,defect,106.0704,74.8368,603.5505,0.3389,0.0269,124.5848,0.069,5.3794,7.5394,53.9587,91.7625,0.0949,22.3932,20.4059,45.3348,153.2833,0.1855,0.0137
koniq_3948135332_defect_0.jpg,defect,138.8199,43.2918,1133.3221,0.0276,0.0103,117.0592,0.1468,6.7521,7.3682,75.8248,57.2278,0.0927,20.6694,10.9727,18.6393,65.9451,0.0063,0.0161
koniq_3961459513_defect_0.jpg,defect,168.6033,47.0571,1796.1015,0.027,0.1001,89.2673,0.1508,8.4851,7.2792,82.1306,81.6173,0.1267,22.2837,14.4334,11.9234,54.5933,0.0099,0.0163
koniq_411025625_defect_0.jpg,defect,138.5455,89.8824,899.117,0.2291,0.4783,32.9917,0.0314,5.6174,6.506,34.003,67.1205,0.0455,13.2009,19.4285,68.8299,179.0789,0.0477,0.0121
koniq_4185039279_defect_0.jpg,defect,160.9673,81.523,1738.4277,0.1328,0.4768,39.7398,0.1263,9.0908,7.1664,88.2648,135.9257,0.2107,26.8863,26.0893,56.9588,183.8793,0.0407,0.0241
koniq_4194428227_defect_0.jpg,defect,86.2338,55.2403,1356.4238,0.2736,0.0086,132.2973,0.1059,7.4367,7.6134,61.7756,77.1644,0.0886,19.2715,14.2546,29.8373,93.7405,0.0669,0.0196
koniq_4228738752_defect_0.jpg,defect,55.0719,56.0715,1824.3139,0.6093,0.0069,206.8124,0.0368,7.8458,7.0072,34.4695,67.9614,0.0546,12.3095,16.0086,32.6408,93.5618,0.1864,0.0203
koniq_4237536969_defect_0.jpg,defect,118.4831,23.9121,1137.3525,0.0084,0.0004,135.9436,0.0449,6.5319,6.4636,30.0085,57.058,0.0451,8.1029,11.2732,13.2991,49.4117,0.0008,0.018
koniq_4251971063_defect_0.jpg,defect,131.9349,30.3953,945.1947,0.0581,0.0032,138.9984,0.0161,5.6969,5.2656,16.7389,54.7036,0.0286,5.2633,12.67,14.6734,54.6811,0.0083,0.0153
koniq_4281731487_defect_0.jpg,defect,122.8793,64.4409,520.0484,0.0657,0.1198,157.1049,0.0998,4.7079,7.7752,60.4638,70.0552,0.0927,21.1643,14.4767,39.579,135.4501,0.0777,0.0186
koniq_4305975001_defect_0.jpg,defect,129.6317,89.753,1994.9596,0.2284,0.2899,118.9166,0.086,9.3558,7.6356,77.6668,148.7716,0.1481,30.5298,30.6613,51.0049,173.9023,0.1769,0.0287
koniq_432860543_defect_0.jpg,defect,172.3027,62.5906,4327.4474,0.0362,0.3357,57.023,0.1227,14.0891,7.6313,97.9658,152.9445,0.2041,29.6745,25.7796,28.9698,102.3778,0.1477,0.0251
koniq_4344642946_defect_0.jpg,defect,195.1203,82.9505,2264.6921,0.072,0.6403,26.1076,0.0759,9.4142,5.4957,58.7359,119.829,0.1242,20.7788,25.7565,49.6512,181.6958,0.5911,0.0255
koniq_4495630749_defect_0.jpg,defect,82.1896,59.8304,3061.5171,0.3249,0.0237,142.1848,0.1525,11.6303,7.5872,94.4103,119.7059,0.2169,27.7003,17.9751,24.2253,79.8067,0.0988,0.0214
koniq_4524766514_defect_0.jpg,defect,130.5519,53.57,4649.6677,0.1236,0.0027,92.4728,0.1249,13.7952,7.077,94.9587,162.5744,0.2207,28.4225,27.6478,19.4223,61.0412,0.0425,0.0255
koniq_4563172093_defect_0.jpg,defect,101.6359,53.9121,3414.585,0.1405,0.0129,139.497,0.1806,11.7311,7.7084,104.1043,94.6241,0.2224,28.6258,14.19,28.8149,86.9365,0.0606,0.028
koniq_4619633197_defect_0.jpg,defect,155.7168,97.2588,636.475,0.2695,0.4699,26.2501,0.0362,5.4669,7.0386,33.1019,93.6885,0.0595,14.2933,22.8159,68.5131,193.2469,0.3948,0.0252
koniq_4710464067_defect_0.jpg,defect,196.8117,30.5523,410.6055,0.0001,0.3057,109.6746,0.062,4.3082,6.8404,53.0569,53.103,0.0497,17.5035,9.7045,6.5739,25.0998,0.028,0.0156
koniq_4881913692_defect_0.jpg,defect,60.872,48.0707,1666.4172,0.3091,0.0004,186.1934,0.0595,7.7416,5.158,36.9216,86.7978,0.0831,12.0794,17.8184,31.3694,99.4104,0.0269,0.0287
koniq_4992884384_defect_0.jpg,defect,140.1216,39.4745,566.8893,0.0162,0.0204,91.428,0.0319,5.2087,6.2954,29.9889,78.825,0.055,10.8031,15.9515,21.8779,81.8988,0.0014,0.0262
koniq_5079448176_defect_0.jpg,defect,165.2325,18.9915,1966.3642,0.0058,0.0013,105.4912,0.0168,7.9628,5.4525,14.8023,52.7473,0.0316,3.8355,11.3726,10.1198,40.4596,0.0004,0.022
koniq_5095300668_defect_0.jpg,defect,205.7937,66.2475,1884.4928,0.0011,0.6287,80.929,0.1057,8.4694,4.3642,53.3168,96.9401,0.117,17.1758,19.877,36.3346,114.1034,0.6215,0.0199
koniq_5097068931_defect_0.jpg,defect,139.0713,18.3271,1255.9281,0.002,0.0092,144.5347,0.0211,6.6586,5.6146,37.1052,47.5025,0.0244,8.5611,8.9117,8.9725,39.8153,0.0018,0.0133
koniq_5175429795_defect_0.jpg,defect,119.6808,72.1407,1225.1008,0.1357,0.1547,95.0695,0.0905,7.6129,7.7056,62.908,96.4422,0.1244,19.342,17.6624,54.9077,180.7825,0.0674,0.0252
koniq_5195185160_defect_0.jpg,defect,78.8974,70.4115,1043.3711,0.4176,0.0665,83.7288,0.1026,6.8918,7.5451,75.3851,122.3813,0.1543,27.8673,23.6166,40.5161,168.2049,0.1825,0.0261
koniq_5241841036_defect_0.jpg,defect,102.3814,77.0728,1210.6654,0.3444,0.0252,67.0587,0.0716,7.3903,6.5898,55.8448,114.0192,0.1098,20.1537,23.7303,57.7551,165.6204,0.279,0.0286
koniq_5310130081_defect_0.jpg,defect,139.2267,68.45,999.478,0.0416,0.1696,97.9516,0.0724,6.4246,7.7966,56.1388,81.868,0.0825,20.0652,18.9306,39.5445,141.1657,0.0509,0.0172
koniq_5365003071_defect_0.jpg,defect,126.0331,88.0397,338.3098,0.3213,0.2066,167.37,0.0303,4.4425,7.2309,38.0267,91.4551,0.0576,15.8602,21.1587,60.7067,165.7765,0.1481,0.0278
koniq_5419962760_defect_0.jpg,defect,199.3631,88.2063,178.5827,0.0781,0.6921,59.687,0.02,2.8209,3.5076,19.014,59.7454,0.0317,8.8552,18.6673,66.77,208.2273,0.7062,0.0194
koniq_5454884110_defect_0.jpg,defect,186.8594,61.2573,1192.6498,0.0183,0.3867,100.5866,0.107,7.0421,6.3485,67.4034,94.3028,0.141,23.5921,18.6295,34.7697,111.5773,0.327,0.0232
koniq_5460394455_defect_0.jpg,defect,78.8921,49.3931,2224.1251,0.2071,0.0071,184.0801,0.157,9.5447,7.4468,87.8416,106.9509,0.2018,26.1292,15.6321,22.9029,91.1706,0.0534,0.0224
koniq_5470588240_defect_0.jpg,defect,177.7009,72.5254,876.9107,0.0644,0.5284,49.2185,0.1096,6.6017,7.0188,74.6076,116.5475,0.1745,24.3487,24.3537,31.612,105.2069,0.0652,0.0262
koniq_5511925995_defect_0.jpg,defect,137.5426,49.2781,721.0661,0.0297,0.0544,115.7257,0.0786,5.5301,7.6346,63.5689,71.9108,0.089,20.5841,14.7396,26.0149,105.5667,0.0177,0.0167
koniq_5543296873_defect_0.jpg,defect,53.5007,57.5513,352.2828,0.5854,0.0402,209.9285,0.046,3.9989,7.0065,39.6576,76.7824,0.068,16.1085,18.1077,30.662,89.294,0.2482,0.0182
koniq_5564570846_defect_0.jpg,defect,137.4694,19.3309,900.0594,0.0145,0.0015,141.0556,0.0174,5.6867,5.0384,18.1298,68.7101,0.0363,5.6626,14.451,6.4246,24.3656,0.0109,0.0171
koniq_5621947330_defect_0.jpg,defect,69.1551,57.1155,696.2758,0.415,0.0427,74.0214,0.0603,5.7649,7.2123,58.8538,80.4738,0.0665,16.8211,16.2637,26.9521,101.8394,0.0668,0.0183
koniq_5677116051_defect_0.jpg,defect,84.1678,52.5608,7711.1441,0.1852,0.0279,94.7875,0.2014,17.0065,7.5266,119.7143,131.0733,0.256,30.6796,20.7399,20.8046,75.5162,0.0758,0.0254
koniq_5796747370_defect_0.jpg,defect,152.9497,66.404,4464.9384,0.0612,0.1963,151.7358,0.2368,13.1585,7.6774,114.037,100.1822,0.2589,27.3416,14.9784,45.2355,131.3483,0.0158,0.0175
koniq_5856265647_defect_0.jpg,defect,162.6782,87.0063,1811.9498,0.15,0.4201,61.5652,0.1129,9.3052,7.2811,86.2584,144.2054,0.1638,34.5856,29.3223,33.8866,99.9004,0.3029,0.0266
koniq_5906952351_defect_0.jpg,defect,118.7489,71.1994,5530.2897,0.2237,0.071,70.5687,0.1676,14.1845,7.7789,118.1211,135.3833,0.2662,36.1674,23.077,35.8533,110.4884,0.1229,0.0243
koniq_5914848066_defect_0.jpg,defect,197.0153,50.7649,176.1062,0.028,0.4953,48.8584,0.036,2.9695,7.0323,36.5102,64.0586,0.0492,14.681,16.5014,30.9054,119.4657,0.0834,0.0204
koniq_5936297940_defect_0.jpg,defect,58.9602,46.0328,926.5173,0.3158,0.0196,168.3658,0.0434,6.4755,6.4515,43.3324,106.36,0.0696,15.4043,22.4373,17.1835,72.7054,0.0451,0.026
koniq_5943227958_defect_0.jpg,defect,78.4689,34.7626,151.9012,0.0591,0.0072,181.8797,0.0243,2.5576,6.7607,24.6248,41.583,0.022,8.9222,10.9008,20.3324,75.5312,0.0003,0.0164
koniq_5951267818_defect_0.jpg,defect,150.7431,65.9045,2985.1453,0.1065,0.1207,47.5948,0.1743,11.5894,7.5616,115.8695,141.9025,0.2558,33.4889,23.0574,32.6126,96.4775,0.0325,0.0223
koniq_5971762123_defect_0.jpg,defect,185.2948,40.9123,854.221,0.0168,0.1573,12.0478,0.1135,6.5125,6.8308,73.25,76.0947,0.1175,20.6089,12.6029,15.1784,48.7716,0.0282,0.0213
koniq_6010335101_defect_0.jpg,defect,93.5158,47.5154,2268.8728,0.0187,0.069,179.4758,0.1207,9.4252,6.1518,62.1526,96.6023,0.1237,16.4843,17.3997,23.0767,68.4789,0.0435,0.0233
koniq_6059676315_defect_0.jpg,defect,139.6784,48.1536,728.4908,0.0321,0.0573,83.5873,0.0832,5.6567,7.524,56.5689,85.9621,0.1109,19.4658,17.5355,25.547,100.7844,0.0243,0.0258
koniq_6061284714_defect_0.jpg,defect,123.2898,77.1426,823.0336,0.2142,0.1649,133.2699,0.0881,5.9907,7.9241,68.743,94.4242,0.1152,26.4216,21.7244,34.6337,145.5473,0.1492,0.022
koniq_6118760299_defect_0.jpg,defect,94.3353,44.4775,760.2364,0.0566,0.0047,140.2176,0.063,5.5647,7.2604,48.1118,83.3723,0.0812,17.1942,16.9955,23.3954,83.0552,0.0019,0.0166
koniq_6185806763_defect_0.jpg,defect,149.9841,24.887,239.5293,0.0008,0.0041,149.7014,0.0261,3.3177,6.6235,20.6173,47.2064,0.0316,7.1287,8.7335,9.0892,33.0959,0.0,0.0245
koniq_6191653562_defect_0.jpg,defect,111.1839,40.8639,2951.7924,0.0559,0.0099,145.9839,0.2511,11.882,7.3246,119.9543,113.1084,0.2922,29.5659,13.1438,8.5202,29.7002,0.0196,0.0158
koniq_6216628901_defect_0.jpg,defect,169.0264,48.9447,1172.096,0.0221,0.0788,112.1674,0.0559,6.4716,7.1198,41.273,76.6647,0.0532,14.5109,16.6499,29.049,97.8907,0.0285,0.0141
koniq_6230011878_defect_0.jpg,defect,70.3668,25.3612,2306.2957,0.0777,0.0025,208.978,0.0408,8.88,6.3382,28.2144,67.4707,0.0603,8.1438,12.4515,15.9831,62.5248,0.0083,0.0255
koniq_6256829619_defect_0.jpg,defect,169.5564,98.6771,1647.2761,0.1601,0.5533,12.1912,0.0635,8.5991,4.7461,52.093,122.6271,0.1015,17.0633,24.9285,69.9109,212.0041,0.5624,0.0244
koniq_6307302399_defect_0.jpg,defect,88.532,62.0577,2201.3372,0.2753,0.0401,137.5747,0.1458,10.536,7.5557,100.4283,140.6164,0.2128,30.8552,23.5918,20.5674,88.4113,0.0457,0.0221
koniq_6343064519_defect_0.jpg,defect,206.1598,27.1633,104.1513,0.0,0.4232,12.5316,0.02,2.0976,6.4769,14.9144,34.0384,0.0139,5.5973,8.2411,20.1555,79.8034,0.0211,0.0203
koniq_6344902938_defect_0.jpg,defect,108.9731,78.5558,2090.9604,0.2568,0.1392,30.409,0.1112,9.1116,7.6467,73.2058,83.8085,0.1174,20.3781,15.0523,62.702,192.6478,0.0772,0.0231
koniq_6346994570_defect_0.jpg,defect,102.6875,20.5959,266.4463,0.029,0.0064,131.9832,0.019,3.4659,3.1129,15.0086,54.321,0.0305,6.0729,13.2901,2.9244,11.9878,0.0153,0.0222
koniq_6608109869_defect_0.jpg,defect,65.812,48.3149,857.6113,0.3624,0.0031,157.9105,0.1164,5.91,7.1951,65.4295,72.9612,0.107,17.9589,13.1196,24.1815,90.7614,0.0479,0.0202
koniq_6729759239_defect_0.jpg,defect,104.5788,47.2889,1258.3495,0.0444,0.0301,103.4406,0.1208,7.1597,7.4984,67.7861,72.559,0.0837,18.8237,13.1097,25.1346,82.1895,0.0138,0.0158
koniq_6757989209_defect_0.jpg,defect,142.8954,71.988,446.3991,0.1,0.2408,129.1421,0.0356,4.2695,7.8288,39.5894,83.863,0.0565,19.0564,20.6852,32.5073,101.415,0.0891,0.0189
koniq_6787512667_defect_0.jpg,defect,173.2314,70.4027,680.2763,0.0546,0.3119,47.3866,0.0774,5.7763,7.2943,60.424,97.9732,0.0998,22.8616,20.4735,45.0124,142.2255,0.2625,0.0237
koniq_6829189111_defect_0.jpg,defect,192.2827,17.1717,150.4319,0.003,0.0003,6.274,0.0062,2.6089,5.0276,18.8818,40.0942,0.0093,5.7008,8.9116,6.7283,23.9781,0.0016,0.0093
koniq_6845848072_defect_0.jpg,defect,102.4805,59.716,2589.4243,0.2414,0.0032,121.5898,0.096,10.0475,7.3267,63.7205,105.2242,0.1336,18.3592,19.8679,40.5186,129.3463,0.0709,0.0235
koniq_6862989864_defect_0.jpg,defect,106.9076,68.4452,5153.9863,0.2006,0.0896,105.4061,0.2215,14.8568,7.9034,154.8002,161.9225,0.3678,45.2183,19.5354,18.5816,62.5938,0.0748,0.0205
koniq_6870048801_defect_0.jpg,defect,175.6803,55.9214,1790.4875,0.0183,0.3505,39.9856,0.1264,9.4741,7.0928,73.4916,116.4468,0.1563,19.7799,18.2398,43.142,119.523,0.0189,0.0243
koniq_6897314758_defect_0.jpg,defect,111.0431,55.9545,1798.6242,0.0775,0.0436,93.8034,0.1474,9.0612,7.6263,87.5617,99.9287,0.1616,24.5814,15.2128,37.6756,126.5907,0.0155,0.0218
koniq_6900924910_defect_0.jpg,defect,141.2865,87.087,3513.6502,0.1407,0.3212,80.5086,0.1872,12.5209,7.2025,119.5287,149.3668,0.2896,34.6261,23.9095,59.5226,199.0518,0.3229,0.022
koniq_6915781600_defect_0.jpg,defect,183.9268,55.9279,2430.5854,0.0091,0.4069,86.4894,0.1545,9.9333,7.363,83.7516,103.9958,0.1927,23.1938,17.6501,35.0863,108.0279,0.2226,0.0188
koniq_6965249888_defect_0.jpg,defect,148.9589,62.2037,776.1912,0.0198,0.2242,128.7621,0.0556,6.7059,7.624,48.0702,106.2982,0.0908,17.0623,18.8499,41.2086,156.2316,0.0346,0.0245
koniq_7005136305_defect_0.jpg,defect,97.2999,79.4723,1078.0,0.3649,0.0843,126.8113,0.1049,7.3169,7.6842,80.5398,122.7109,0.158,27.4524,22.6569,42.2172,139.9719,0.1869,0.026
koniq_7029108053_defect_0.jpg,defect,175.3016,32.168,911.9276,0.0157,0.0126,66.9422,0.0273,5.4424,6.3572,24.4921,76.1996,0.0382,9.5797,16.8924,16.9499,61.4214,0.0098,0.0103
koniq_7108939139_defect_0.jpg,defect,97.1491,44.2012,1526.5245,0.0979,0.0068,115.8307,0.1037,7.7181,7.3731,62.398,83.1442,0.1101,20.3979,14.1525,20.7063,80.1625,0.0062,0.0181
koniq_7154088130_defect_0.jpg,defect,173.2588,52.117,1328.359,0.0685,0.0347,123.4587,0.0844,7.4345,6.6806,58.3436,85.4414,0.0858,15.4357,17.3543,28.941,112.0713,0.0085,0.0216
koniq_7163375274_defect_0.jpg,defect,189.5596,84.2598,293.6148,0.0545,0.5657,0.2845,0.0212,3.7856,5.5227,26.5168,81.1924,0.0355,12.7612,22.4653,55.9703,197.2074,0.5339,0.0197
koniq_7215678842_defect_0.jpg,defect,102.0023,39.8595,1298.9299,0.0234,0.0121,131.0262,0.0767,7.1967,7.2403,40.0621,72.5225,0.0796,10.8602,13.3474,21.4007,70.7035,0.0056,0.0274
koniq_7255289130_defect_0.jpg,defect,107.5314,72.3298,5797.0284,0.1831,0.1393,45.8951,0.2194,15.5343,7.5695,140.5423,162.9555,0.3085,40.733,25.7136,22.7963,69.7926,0.1867,0.0195
koniq_7283094026_defect_0.jpg,defect,141.5384,69.7664,4099.9128,0.1287,0.1154,105.1682,0.1484,13.3901,7.7518,106.6211,144.0424,0.2328,28.596,21.6137,48.0236,142.0527,0.0434,0.0254
koniq_7329465526_defect_0.jpg,defect,129.038,78.5846,4441.6153,0.1682,0.1862,107.5579,0.1349,14.098,7.891,97.9142,144.616,0.2078,26.6792,22.1041,51.857,149.1038,0.138,0.0258
koniq_7365538478_defect_0.jpg,defect,194.7101,77.7324,506.6026,0.0929,0.7101,22.7394,0.0249,4.9468,6.4905,27.4996,91.1257,0.0421,11.417,21.3789,59.1535,168.5761,0.3273,0.0228
koniq_7380460592_defect_0.jpg,defect,73.9537,20.4656,354.4234,0.0068,0.0067,69.4802,0.0278,4.1814,5.9746,30.0682,51.5995,0.0197,7.8566,10.2055,11.5631,40.2088,0.0004,0.0149
koniq_7608025600_defect_0.jpg,defect,73.8508,83.7216,2334.1283,0.533,0.1007,105.1491,0.1177,10.4371,6.6891,99.8176,167.3985,0.2071,36.7247,30.7243,35.3094,125.0411,0.4837,0.0268
koniq_7734376776_defect_0.jpg,defect,170.7348,65.9856,13833.5223,0.0758,0.2578,24.6535,0.2532,24.2301,7.4322,200.5275,208.328,0.4041,50.0446,24.6931,14.6538,54.4664,0.0565,0.0177
koniq_7744803492_defect_0.jpg,defect,87.3798,59.5125,1886.156,0.2647,0.0271,140.1719,0.1434,9.2449,7.6874,90.361,119.2868,0.1961,28.8199,18.5249,28.1957,111.5016,0.0797,0.0195
koniq_7751952772_defect_0.jpg,defect,134.4214,88.7675,939.9189,0.1745,0.3457,63.0529,0.0927,6.2749,7.6133,54.8381,83.9736,0.0853,18.238,17.4961,73.3784,210.4382,0.1863,0.0202
koniq_7819353184_defect_0.jpg,defect,164.8893,64.012,690.0654,0.0489,0.353,69.3385,0.0801,5.7519,7.3603,54.3515,97.2587,0.1118,19.6155,19.7012,42.7514,146.1568,0.006,0.0258
koniq_7914714726_defect_0.jpg,defect,114.0605,68.9658,3093.3953,0.1733,0.0975,199.0745,0.2353,11.3258,7.9265,128.9553,118.798,0.3119,38.7891,17.8878,25.7866,84.5674,0.1087,0.0188
koniq_7937116986_defect_0.jpg,defect,65.7315,46.0492,1211.4542,0.329,0.01,113.1184,0.1216,7.6579,7.2549,73.7185,98.0644,0.1445,21.7769,16.7265,22.7947,88.295,0.0743,0.0219
koniq_8035433785_defect_0.jpg,defect,84.2848,77.8097,1670.348,0.3813,0.0761,113.0485,0.0893,9.1397,6.5225,67.4689,123.7658,0.1363,23.301,24.4807,24.6125,104.8822,0.3275,0.0274
koniq_8086991348_defect_0.jpg,defect,87.9605,60.5725,882.4994,0.306,0.0101,46.1702,0.0504,5.8256,7.5877,53.5507,66.6428,0.0574,16.6323,14.8689,46.3946,164.0241,0.1102,0.0095
koniq_8096129179_defect_0.jpg,defect,115.4805,73.1725,545.6079,0.2321,0.0889,143.2355,0.0789,5.0449,7.6831,42.9835,68.6425,0.0501,12.415,13.7916,65.394,194.3449,0.126,0.0143
koniq_8113498731_defect_0.jpg,defect,119.2679,90.7886,3598.2213,0.2344,0.2519,29.0902,0.1617,12.2971,6.9581,105.1566,155.6846,0.2524,31.469,23.7943,73.3115,239.9141,0.3356,0.0267
koniq_8191059336_defect_0.jpg,defect,108.8891,69.1688,6869.6804,0.1927,0.0848,198.3064,0.3081,16.7699,7.8974,163.8534,131.8702,0.4302,39.832,14.6193,37.0103,131.914,0.0941,0.0188
koniq_8201445603_defect_0.jpg,defect,25.4938,44.8977,532.7986,0.8269,0.0068,97.8017,0.0475,5.0741,5.2659,38.2357,86.6897,0.0637,13.9035,19.1414,18.9116,56.9499,0.6365,0.0213
koniq_8233745351_defect_0.jpg,defect,102.1543,87.9655,2319.794,0.3441,0.219,54.734,0.1061,10.2792,7.1296,80.6084,137.4341,0.1631,26.6324,24.7406,54.8536,216.7136,0.1859,0.0255
koniq_8242266673_defect_0.jpg,defect,33.3128,56.8127,289.352,0.7264,0.0036,109.7694,0.0323,3.5972,4.7243,24.9916,60.9047,0.0358,9.6531,16.3112,34.6687,98.9994,0.6678,0.0206
koniq_8274584258_defect_0.jpg,defect,204.1257,92.0264,1021.6073,0.1557,0.7605,18.6187,0.0303,6.5089,3.3075,27.3316,111.2148,0.0464,10.9733,24.9529,64.4897,181.3079,0.7794,0.0233
koniq_8333683532_defect_0.jpg,defect,200.0749,49.5785,1056.103,0.0099,0.4803,42.2541,0.05,6.7154,7.1653,49.9264,92.2402,0.0721,16.4848,19.1502,27.5545,94.2683,0.2451,0.0198
koniq_8401416435_defect_0.jpg,defect,103.4107,37.6575,2333.4976,0.0316,0.0118,96.5923,0.1487,9.7003,7.1516,69.1437,92.7192,0.1491,16.3686,15.3794,23.4587,83.1667,0.0072,0.0214
koniq_8421980802_defect_0.jpg,defect,192.7243,50.9837,2521.0357,0.0216,0.4531,22.6446,0.0881,10.4551,7.0951,59.9827,114.7906,0.1296,17.2738,19.8156,34.9298,107.6388,0.0473,0.027
koniq_8441623412_defect_0.jpg,defect,165.4993,34.1707,2039.9362,0.0024,0.047,131.984,0.2157,9.2137,7.0365,96.7893,79.3341,0.1971,22.446,9.4938,13.4909,47.526,0.0006,0.0196
koniq_8450836581_defect_0.jpg,defect,142.6826,37.7385,134.4045,0.0075,0.0392,110.2517,0.0243,2.4646,7.1581,27.6089,41.916,0.0199,10.2522,10.4919,18.4141,64.3534,0.015,0.0151
koniq_8493065081_defect_0.jpg,defect,134.1375,49.4714,1762.9934,0.0369,0.051,62.5945,0.1007,8.7291,7.6149,82.9602,127.895,0.1549,26.4842,22.6906,19.8816,84.1044,0.0255,0.0261
koniq_8532727626_defect_0.jpg,defect,94.162,71.169,1349.0989,0.3444,0.0022,113.6519,0.0912,7.571,7.1881,65.7661,110.5772,0.1462,21.658,21.2892,50.6605,156.1629,0.2256,0.0245
koniq_8546536299_defect_0.jpg,defect,180.4742,40.2465,274.4342,0.0062,0.1443,62.0306,0.0523,3.4712,7.0406,38.7269,61.1077,0.05,13.9356,13.2532,17.6442,62.6804,0.0074,0.021
koniq_8636811972_defect_0.jpg,defect,51.8399,69.1426,757.7606,0.6161,0.0245,106.9734,0.0664,5.4248,5.9467,42.2086,79.2276,0.0747,15.0719,18.8386,45.0294,132.0238,0.5556,0.0212
koniq_8638507719_defect_0.jpg,defect,85.4935,68.3599,7514.9995,0.3151,0.0719,156.6133,0.2827,17.8458,7.7321,162.4587,146.3399,0.4141,38.5283,18.3819,37.8472,146.4458,0.1594,0.0177
koniq_8639811289_defect_0.jpg,defect,148.498,62.0761,2455.5491,0.0493,0.1771,129.9951,0.1559,10.1485,7.8298,94.7009,113.0638,0.208,30.0681,16.4407,27.5311,89.8617,0.0714,0.0245
koniq_8645927718_defect_0.jpg,defect,131.3944,66.4592,2790.6848,0.0607,0.1345,124.3161,0.179,10.9104,7.7493,96.1135,115.306,0.2222,27.3821,18.7151,29.5791,112.0813,0.0584,0.0217
koniq_8647880189_defect_0.jpg,defect,191.8052,48.4842,552.4268,0.0042,0.4144,69.3103,0.0658,5.1425,7.2878,43.0372,77.6756,0.074,13.975,15.3569,22.034,86.4443,0.1595,0.0275
koniq_8657980323_defect_0.jpg,defect,144.8802,59.4463,10121.2682,0.0493,0.1488,82.689,0.2591,19.5148,7.7357,135.6762,128.673,0.3403,33.0134,17.5669,30.1247,108.7463,0.0162,0.0196
koniq_8675742263_defect_0.jpg,defect,148.8414,36.7931,3856.1821,0.0008,0.0508,99.7118,0.2752,12.4936,7.2104,123.185,98.7825,0.3172,29.413,9.5986,5.5821,19.1538,0.0079,0.0158
koniq_8704133333_defect_0.jpg,defect,82.9188,29.2009,625.0735,0.0667,0.0015,214.0609,0.0615,5.149,6.6538,38.9559,68.3732,0.0686,11.38,12.8084,15.988,63.3284,0.0246,0.0255
koniq_8707214366_defect_0.jpg,defect,141.1828,47.4386,1486.4351,0.0436,0.0292,84.5041,0.066,8.5649,7.192,61.3432,106.4736,0.1042,18.2639,20.2949,23.8414,75.6025,0.0301,0.0246
koniq_8715753944_defect_0.jpg,defect,165.8849,79.987,1174.1382,0.0418,0.4491,51.6865,0.1188,7.7347,6.7581,64.3797,101.6151,0.1479,18.2663,19.2971,67.5699,180.0594,0.4376,0.0213
koniq_8716882404_defect_0.jpg,defect,139.1638,97.4012,17460.4823,0.281,0.3705,0.4767,0.2879,26.5795,7.2692,271.6215,257.7562,0.5633,73.2428,25.4072,26.5012,113.0368,0.3993,0.0141
koniq_8728715575_defect_0.jpg,defect,95.2193,51.0869,3237.1176,0.1365,0.018,110.7102,0.2734,11.9652,7.6299,124.6753,100.0668,0.3171,30.8996,11.2106,16.2714,53.2699,0.0413,0.0168
koniq_8774523686_defect_0.jpg,defect,33.5692,24.459,212.0013,0.8194,0.0,213.2144,0.0211,3.1594,5.6291,20.2708,55.592,0.0294,6.9428,12.8555,10.9753,43.0723,0.0405,0.0196
koniq_8841313273_defect_0.jpg,defect,84.6067,65.5019,1776.3231,0.3529,0.0296,132.827,0.1187,8.8372,7.657,77.2873,118.7183,0.1535,25.2236,20.6493,39.3905,154.9341,0.1426,0.024
koniq_8909034593_defect_0.jpg,defect,51.4796,42.7463,1276.2688,0.5002,0.0062,184.1107,0.1137,7.6448,6.9803,85.4491,113.5827,0.1588,26.1019,16.4305,13.3517,57.2415,0.1358,0.0253
koniq_8911411937_defect_0.jpg,defect,86.7408,56.8219,10593.2928,0.2162,0.0407,160.347,0.336,20.2144,7.6418,169.4556,130.7768,0.4572,39.6168,14.6994,10.8242,35.5184,0.0872,0.0161
koniq_8995226934_defect_0.jpg,defect,129.4194,27.9727,2301.9469,0.0127,0.0005,173.1202,0.2077,9.7656,6.7252,88.5482,71.5773,0.145,19.7991,10.1897,7.5594,25.8271,0.0026,0.0156
koniq_9042624878_defect_0.jpg,defect,116.0958,85.4702,1315.9831,0.3014,0.1903,116.5158,0.0799,7.8475,7.674,68.3452,132.1937,0.1334,27.1331,27.2272,49.8836,186.4051,0.1668,0.028
koniq_9048453025_defect_0.jpg,defect,111.8162,65.7417,12132.1305,0.1244,0.0976,56.5145,0.2845,22.7898,7.8532,216.3956,182.9726,0.5293,50.0357,14.5374,24.9632,89.8959,0.0738,0.0164
koniq_9054377711_defect_0.jpg,defect,116.7001,88.9269,3776.2188,0.2694,0.2393,69.474,0.1654,12.7219,7.3981,105.2002,131.7352,0.2449,29.8379,20.6853,63.9435,196.3634,0.2613,0.0244
koniq_9159337218_defect_0.jpg,defect,129.2377,26.1816,411.7119,0.0042,0.0101,174.8162,0.0409,4.2683,6.5542,28.3795,54.2935,0.0415,8.8802,9.5798,13.6817,44.2301,0.0013,0.0257
koniq_9188509301_defect_0.jpg,defect,93.1549,43.8017,331.1428,0.0617,0.0111,195.0985,0.029,3.7445,7.2451,39.4928,36.3854,0.0151,11.9188,8.5215,29.4491,103.9644,0.0337,0.0211
koniq_9249272493_defect_0.jpg,defect,64.6578,60.5887,3460.8816,0.4585,0.0244,103.1653,0.1514,11.8356,7.3707,95.5101,123.7248,0.2078,26.4353,20.3341,33.0452,111.7251,0.2702,0.0249
koniq_9251645143_defect_0.jpg,defect,197.713,27.2789,2146.9003,0.0021,0.1328,12.7074,0.0582,9.068,5.9931,37.4073,88.5097,0.0925,9.3542,15.4535,9.7646,34.4542,0.0021,0.03
koniq_9255279783_defect_0.jpg,defect,142.7054,62.8391,404.248,0.0344,0.1913,118.827,0.0502,4.0938,7.2635,41.3485,65.3453,0.0492,15.2762,14.7047,45.3678,142.6003,0.04,0.0234
koniq_9256620726_defect_0.jpg,defect,109.8896,60.2066,2259.2086,0.1788,0.028,183.4987,0.0574,8.7958,7.7132,49.0926,95.2275,0.081,18.4046,18.7172,37.933,120.4543,0.0233,0.0249
koniq_9269537075_defect_0.jpg,defect,159.9199,44.5206,817.6558,0.0012,0.1514,178.5036,0.0245,5.1832,7.3785,28.2362,45.1583,0.0282,11.3585,9.8592,28.1486,113.2912,0.0556,0.0115
koniq_9379457487_defect_0.jpg,defect,163.9368,28.8111,363.5223,0.0013,0.0236,122.1603,0.0529,4.0966,6.8002,45.5351,59.2389,0.0399,13.1136,11.9043,10.2857,37.5126,0.0003,0.0195
koniq_9408208696_defect_0.jpg,defect,123.3654,57.5142,841.128,0.0026,0.1108,179.2757,0.0692,6.0273,6.8466,46.0181,94.9773,0.0932,14.8964,20.1407,37.6205,121.5679,0.0483,0.0249
koniq_9408400121_defect_0.jpg,defect,112.657,50.9261,3419.1977,0.0341,0.059,80.7188,0.2264,12.449,7.5446,125.6045,119.2755,0.2892,30.2535,12.9535,24.4211,85.2751,0.0207,0.0219
koniq_9438182965_defect_0.jpg,defect,47.6912,67.4055,2376.0648,0.6427,0.0164,55.4148,0.1242,9.5923,4.926,71.8905,115.9057,0.1743,24.7478,25.4436,25.6155,72.1519,0.5908,0.0237
koniq_9442161547_defect_0.jpg,defect,48.9517,50.3993,939.5567,0.5192,0.0021,162.431,0.0803,6.4716,6.8243,53.0678,88.217,0.1007,17.3479,16.3931,32.4176,137.2644,0.3195,0.0244
koniq_9474360756_defect_0.jpg,defect,127.8607,40.9531,367.8049,0.039,0.004,141.2516,0.0387,4.1768,6.9923,28.1475,62.6196,0.0477,10.6696,13.6763,22.4474,94.4885,0.0046,0.0241
koniq_9490079439_defect_0.jpg,defect,197.3236,56.7632,1183.4615,0.0275,0.4953,81.114,0.0575,7.6696,6.8324,43.8407,97.9657,0.0853,12.3279,18.8174,44.2376,124.4309,0.2512,0.0294
koniq_9522817562_defect_0.jpg,defect,170.0833,57.0637,550.7373,0.0402,0.1541,153.4581,0.0896,5.0541,7.2946,51.5679,72.0295,0.0909,14.7549,13.3351,46.4456,179.9215,0.0086,0.0243
koniq_9527980922_defect_0.jpg,defect,145.8827,47.0213,2041.6032,0.0504,0.0326,108.3491,0.1848,9.4455,7.4359,99.3808,96.8584,0.2278,26.7539,11.5347,24.3148,85.0053,0.0227,0.02
koniq_9594906572_defect_0.jpg,defect,104.7753,76.1559,4691.713,0.3024,0.0485,108.9802,0.1718,14.0746,7.6988,116.9594,150.6195,0.2359,33.9444,24.4405,45.7711,160.0855,0.1827,0.0231
koniq_9641836616_defect_0.jpg,defect,176.6278,47.1721,2702.9543,0.0257,0.1258,95.0053,0.1506,10.3987,7.158,89.6348,102.2048,0.1834,24.1209,16.1546,22.2162,65.5339,0.0246,0.0233
koniq_9655773082_defect_0.jpg,defect,177.1683,57.3342,643.0727,0.0931,0.0547,35.8219,0.05,5.2936,6.396,41.9333,75.559,0.0595,13.5912,17.9957,34.5717,112.9581,0.0394,0.0216
koniq_9723836931_defect_0.jpg,defect,69.3791,44.9005,2297.4845,0.2623,0.0143,162.034,0.1726,9.9563,7.0936,89.543,120.1089,0.2048,24.2775,18.2908,19.9259,69.8186,0.1116,0.0218
koniq_9768559232_defect_0.jpg,defect,146.9271,53.9624,2667.0303,0.0268,0.1061,31.0978,0.2739,10.6602,7.743,126.4339,100.3673,0.2967,31.7226,12.0927,18.984,68.9255,0.034,0.0169
koniq_9991999836_defect_0.jpg,defect,139.5472,60.2936,1113.198,0.1216,0.0121,120.7803,0.0778,6.7407,7.2327,49.3918,86.7477,0.0887,15.927,17.3853,39.3253,148.4316,0.0092,0.0234
original_baby_defect_0.jpg,defect,112.3069,57.8042,826.9201,0.0912,0.0492,99.8586,0.1056,5.9205,7.7129,71.1256,77.1147,0.1137,25.3268,13.7104,37.69,152.283,0.0489,0.0233
original_candy_defect_0.jpg,defect,141.6309,64.2525,98.7306,0.0984,0.0812,154.5235,0.0218,2.1713,7.778,32.6434,50.1443,0.0286,14.6382,14.4652,25.3108,89.0554,0.0352,0.0099
original_desk_defect_0.jpg,defect,97.5833,55.2512,925.5207,0.1138,0.0272,79.5686,0.0933,6.7562,7.6351,55.746,91.3526,0.1112,14.5461,16.355,32.304,115.7057,0.0598,0.0212
original_dining_defect_0.jpg,defect,165.0309,60.1485,482.4743,0.0447,0.1999,54.6118,0.0501,4.9234,7.6129,41.9463,77.7994,0.0623,14.0718,17.2329,34.1237,115.5456,0.0511,0.0256
original_forest_defect_0.jpg,defect,86.7425,54.5171,2613.5236,0.2151,0.017,144.346,0.1721,10.6981,7.5314,97.4328,110.2982,0.2128,23.9244,15.8419,32.9269,107.1038,0.0077,0.0217
original_holi_defect_0.jpg,defect,111.564,63.0514,2199.0129,0.1417,0.0845,130.9889,0.1022,9.1995,7.8197,70.8816,104.5006,0.1341,24.6043,19.6062,34.1801,116.7989,0.0314,0.0239
original_human_defect_0.jpg,defect,61.3004,48.9283,1848.9121,0.3199,0.0024,101.3669,0.0497,7.9748,6.1872,31.8143,68.1647,0.0637,10.4949,14.3834,28.0524,103.7592,0.2691,0.0205
original_image_defect_0.jpg,defect,55.8519,27.967,33.9155,0.0216,0.0024,151.3661,0.0044,1.1952,3.1219,6.6412,24.0172,0.005,2.6442,7.142,14.9858,43.7525,0.0018,0.0092
original_masha_defect_0.jpg,defect,148.3907,55.0727,1275.0124,0.0488,0.0331,187.1586,0.0904,7.4124,6.8739,49.3513,80.1555,0.0934,11.6931,13.6338,29.9357,88.8338,0.0176,0.0248
original_panda_defect_0.jpg,defect,96.8836,65.583,1675.4679,0.289,0.0292,130.8232,0.0916,8.2777,7.7017,65.7553,91.6923,0.1087,18.6374,15.9222,42.0053,127.8469,0.0935,0.0232
original_smoke_defect_0.jpg,defect,110.0915,54.6228,62.1575,0.0,0.1123,60.4049,0.0127,1.7442,6.8688,29.9517,31.3659,0.0081,10.0962,7.6179,38.1126,134.9162,0.007,0.0107
original_temple_defect_0.jpg,defect,81.4103,63.2441,1649.4481,0.3362,0.0292,148.7789,0.1094,9.1928,7.458,74.7955,116.3685,0.1597,20.3674,21.3782,36.3132,115.7177,0.2422,0.0237
original_tiger_defect_0.jpg,defect,83.8002,64.6956,2056.5929,0.2976,0.0469,197.4463,0.1708,9.7434,7.7035,92.6924,103.1789,0.1837,20.3621,16.5786,31.8173,107.3755,0.1308,0.0202
original_zombie_defect_0.jpg,defect,69.7494,52.8017,760.6654,0.4201,0.0,148.4009,0.0412,5.9589,6.9206,34.9604,89.311,0.0617,16.965,19.8419,26.1812,89.0188,0.0222,0.0232
koniq_10004473376_degraded_0.jpg,degraded,99.4157,63.7625,3855.1036,0.1575,0.0763,86.8542,0.1083,11.0879,7.7493,68.1024,38.8729,0.0346,20.4779,9.5815,32.2312,109.9104,0.0455,0.0092
koniq_10069534975_degraded_0.jpg,degraded,119.1924,45.7152,2696.8659,0.0498,0.0049,135.9992,0.0923,9.2799,7.481,65.621,42.6001,0.0497,20.6221,11.5083,21.977,98.3494,0.007,0.0092
koniq_10218118033_degraded_0.jpg,degraded,112.9867,63.7263,2914.7698,0.1834,0.0503,151.2232,0.136,9.6643,7.8606,74.5453,49.6705,0.0867,25.9331,13.6389,32.549,114.9938,0.0542,0.0096
koniq_10362672006_degraded_0.jpg,degraded,99.7244,45.3033,7450.2463,0.0854,0.0041,131.4128,0.2738,15.4424,7.5043,88.4952,47.1425,0.1081,23.5459,5.6522,27.1794,91.8886,0.0144,0.0089
koniq_10423472445_degraded_0.jpg,degraded,82.5978,59.1718,2045.7516,0.3258,0.0323,84.1188,0.0383,8.0735,7.6255,52.5076,34.4072,0.0193,17.0127,11.6884,33.9777,117.0514,0.1245,0.0096
koniq_10446810546_degraded_0.jpg,degraded,91.2141,55.8672,4583.8116,0.1795,0.0264,133.8351,0.1736,12.0964,7.6886,76.3984,46.5459,0.0761,22.4473,9.6512,31.7326,113.4985,0.0498,0.0108
koniq_10597114264_degraded_0.jpg,degraded,85.235,57.6735,6526.8636,0.2679,0.0082,158.0674,0.238,14.4402,7.6694,89.2897,53.5171,0.126,26.3496,11.8772,27.7308,107.3999,0.092,0.0098
koniq_10615424764_degraded_0.jpg,degraded,184.5866,92.8992,2387.2186,0.1332,0.6837,29.9951,0.046,8.7206,6.3288,51.8938,43.491,0.0362,15.5502,14.4718,70.4682,172.8227,0.5564,0.0168
koniq_10680502673_degraded_0.jpg,degraded,169.4577,24.4537,4934.219,0.0,0.035,79.3435,0.1321,12.572,6.6554,69.8545,36.6906,0.0277,17.3216,2.2354,9.5742,35.3881,0.0022,0.0091
koniq_107799222_degraded_0.jpg,degraded,188.6767,30.3467,1419.0161,0.0088,0.0575,16.5412,0.0141,6.7126,6.1713,42.7225,31.4249,0.0158,12.4048,9.4712,14.2656,50.0821,0.0043,0.0089
koniq_10828395135_degraded_0.jpg,degraded,116.2126,30.2697,4207.1896,0.0047,0.0038,115.8266,0.0916,11.5852,6.9396,65.6248,34.9046,0.0188,17.0944,4.2156,12.8401,44.1986,0.0004,0.0089
koniq_10866561184_degraded_0.jpg,degraded,188.3616,40.2443,1910.8382,0.0004,0.298,78.0884,0.021,7.7975,7.1374,48.8093,28.89,0.0076,14.2322,6.1484,25.1778,110.1436,0.0239,0.0093
koniq_10899733355_degraded_0.jpg,degraded,134.2242,44.1789,3963.4617,0.0181,0.0306,113.8154,0.1596,11.2536,7.4971,71.2418,38.0816,0.0345,21.0027,5.049,26.2083,97.5381,0.0055,0.0089
koniq_10921653346_degraded_0.jpg,degraded,45.534,42.4306,3091.4147,0.5513,0.0013,179.8495,0.0966,9.939,6.9092,62.6235,45.2047,0.0487,18.623,11.6631,24.7802,73.7406,0.3121,0.0129
koniq_10953973716_degraded_0.jpg,degraded,79.0776,33.0931,4862.3979,0.1077,0.0005,189.3297,0.1597,12.4571,7.0604,73.5774,41.6609,0.0506,19.6921,6.7412,17.0608,61.6086,0.0128,0.0096
koniq_11159983896_degraded_0.jpg,degraded,116.6487,85.249,1085.6787,0.2391,0.237,73.7533,0.0102,5.8545,7.6864,37.5653,24.8279,0.0043,11.7956,7.5803,76.4512,218.8135,0.1426,0.0093
koniq_11250215644_degraded_0.jpg,degraded,146.397,54.8812,3128.3579,0.0534,0.0615,111.1376,0.0857,9.9844,7.68,65.0088,39.552,0.0374,19.6499,9.5095,38.6241,123.6915,0.0253,0.0092
koniq_11269626135_degraded_0.jpg,degraded,81.1277,53.626,3141.248,0.2854,0.0163,129.0688,0.1526,10.0342,7.5974,77.7381,51.043,0.0957,25.9304,12.6468,25.8003,97.132,0.087,0.0096
koniq_11273190884_degraded_0.jpg,degraded,162.8856,63.1364,1793.1234,0.0185,0.2937,126.9406,0.1093,7.5672,7.7298,70.5516,52.1074,0.0875,26.0814,14.9322,35.4377,105.0226,0.1236,0.01
koniq_11321228905_degraded_0.jpg,degraded,98.722,58.1121,1383.875,0.1229,0.0202,166.9383,0.0206,6.636,7.6395,45.6835,31.5956,0.0146,14.0926,8.8861,42.7174,140.3407,0.0463,0.0092
koniq_11369797883_degraded_0.jpg,degraded,70.9259,55.4424,2642.9654,0.4216,0.0054,179.2692,0.1007,9.2015,7.4451,66.1775,48.2698,0.0681,21.6956,13.4563,31.416,100.9619,0.1186,0.0116
koniq_1360663704_degraded_0.jpg,degraded,111.7226,43.593,5480.2446,0.0441,0.0044,153.5056,0.2137,13.2234,7.4633,80.5536,44.6388,0.0745,22.1804,7.4527,25.0675,73.0945,0.0064,0.0091
koniq_136948336_degraded_0.jpg,degraded,117.4649,76.1401,3011.9798,0.2119,0.1631,70.6244,0.1229,9.8037,7.9465,69.7823,43.0048,0.055,24.5342,12.768,51.7349,177.3442,0.1064,0.0096
koniq_1519242706_degraded_0.jpg,degraded,174.6375,45.7756,1247.7285,0.0057,0.1977,83.3543,0.0127,6.2882,7.2052,40.9561,30.0832,0.0152,11.8357,8.4222,35.666,91.9137,0.0153,0.0091
koniq_2044507520_degraded_0.jpg,degraded,75.0211,24.2188,5696.8969,0.0418,0.0013,169.5981,0.164,13.4902,6.4976,73.9206,38.9672,0.0408,17.7145,3.8256,9.4272,30.8687,0.0004,0.0088
koniq_2152767186_degraded_0.jpg,degraded,67.6948,32.6917,5341.5253,0.1866,0.0048,211.2679,0.1587,13.0565,6.9354,75.5449,43.0774,0.0564,19.6525,7.8691,16.0399,53.1606,0.02,0.0092
koniq_234944177_degraded_0.jpg,degraded,174.8082,52.535,1427.6427,0.0165,0.2443,98.6414,0.0106,6.7226,7.5129,41.4242,26.9821,0.0087,12.7244,8.3448,37.1432,124.6148,0.0566,0.0095
koniq_2362202039_degraded_0.jpg,degraded,142.3061,23.6855,1720.9663,0.0051,0.0024,123.2797,0.0168,7.3977,6.1972,44.2912,28.8554,0.0111,12.1006,7.3647,5.5696,17.8729,0.0004,0.009
koniq_2444937456_degraded_0.jpg,degraded,182.9849,32.595,4188.6768,0.0017,0.1239,100.9812,0.1037,11.5558,6.9354,66.5661,35.6722,0.0218,17.4776,4.7906,19.3489,76.2315,0.0129,0.0083
koniq_2517718928_degraded_0.jpg,degraded,71.4782,53.3731,2339.602,0.3712,0.0065,56.9054,0.0338,8.6294,7.4038,54.1924,31.6248,0.0119,16.7484,8.3455,34.3642,109.1393,0.0693,0.0093
koniq_2578890441_degraded_0.jpg,degraded,111.1278,60.3387,3803.7455,0.1047,0.0778,128.3625,0.1419,11.0202,7.8049,73.7655,44.941,0.0634,22.6396,10.6893,40.1687,139.4763,0.04,0.009
koniq_2785267250_degraded_0.jpg,degraded,156.0899,93.4688,2930.9014,0.1906,0.4714,69.8915,0.0752,9.6645,7.2793,59.8886,46.3501,0.05,18.2645,14.3877,77.9334,217.0458,0.4111,0.0142
koniq_2808286292_degraded_0.jpg,degraded,123.6312,76.1447,3496.3683,0.1346,0.199,82.1371,0.1475,10.5633,7.8363,73.8294,50.044,0.0804,24.2291,13.6949,52.2764,155.7493,0.1686,0.0107
koniq_2818844013_degraded_0.jpg,degraded,165.3739,76.1013,4564.046,0.0644,0.4088,52.0621,0.1794,12.0649,7.6447,77.7556,50.0507,0.0922,24.1957,12.3377,61.8637,178.286,0.2319,0.0119
koniq_2839494557_degraded_0.jpg,degraded,118.4892,34.0396,3925.193,0.0293,0.0012,140.628,0.0848,11.195,7.074,65.2219,35.5317,0.0211,17.3283,5.448,16.2523,66.0195,0.0037,0.0088
koniq_2937190977_degraded_0.jpg,degraded,118.3247,80.7587,4020.231,0.2585,0.1213,88.7269,0.1427,11.344,7.8576,73.296,46.9009,0.0696,21.4597,10.9314,65.5859,199.4718,0.1616,0.0108
koniq_2939787669_degraded_0.jpg,degraded,111.8056,75.738,5193.6014,0.1945,0.1674,73.489,0.223,12.8783,7.8178,86.7239,54.8706,0.1272,26.9531,12.3272,52.8426,163.734,0.1541,0.0106
koniq_2941933060_degraded_0.jpg,degraded,165.0621,66.2263,3369.4021,0.0287,0.3497,122.5631,0.0851,10.3754,7.3845,60.7014,39.7352,0.0315,16.8741,9.9151,50.9794,160.1338,0.2383,0.0116
koniq_2964711556_degraded_0.jpg,degraded,162.6344,73.1769,1866.9996,0.0392,0.3765,83.9207,0.0669,7.72,7.5988,64.0398,52.0139,0.0814,23.5057,17.0105,36.8643,135.1724,0.093,0.0095
koniq_2990464677_degraded_0.jpg,degraded,125.6511,90.9652,4337.2337,0.2654,0.2935,129.9453,0.1334,11.7746,7.7364,72.1223,49.9375,0.0723,22.0051,13.6929,67.3001,217.2109,0.2655,0.0128
koniq_3026852045_degraded_0.jpg,degraded,21.4684,32.7893,865.0246,0.8373,0.0073,120.8225,0.0344,5.2491,5.7319,41.3103,37.2765,0.0198,13.047,10.7057,6.7058,23.4396,0.6101,0.0148
koniq_3073970642_degraded_0.jpg,degraded,70.3458,50.7909,5654.0799,0.3558,0.0162,184.1969,0.1639,13.4628,7.4219,78.2833,47.9694,0.0736,20.2943,9.2863,36.4209,115.1963,0.1171,0.0107
koniq_313424539_degraded_0.jpg,degraded,64.6667,36.5385,5278.2004,0.2554,0.003,113.3416,0.1814,12.9768,7.0951,77.1669,43.6726,0.0614,21.1602,8.2724,13.9267,47.6737,0.0432,0.0089
koniq_318700026_degraded_0.jpg,degraded,109.2761,51.5907,2061.139,0.1053,0.05,142.0309,0.029,8.0952,7.5599,51.4048,31.0898,0.0122,15.5816,7.8052,31.8591,152.0332,0.0301,0.0089
koniq_3253636665_degraded_0.jpg,degraded,142.9368,62.345,2198.6493,0.1155,0.0382,81.8115,0.0633,8.3789,7.5349,59.4964,39.1974,0.0366,18.7197,11.1807,44.3342,131.6423,0.0209,0.0093
koniq_3255665645_degraded_0.jpg,degraded,174.5055,53.0543,4244.3709,0.0023,0.2819,108.1749,0.125,11.6178,7.5746,67.7719,38.8525,0.034,18.2731,6.4192,40.1765,119.8743,0.1161,0.0104
koniq_3315237185_degraded_0.jpg,degraded,130.579,60.106,1595.4986,0.0807,0.011,153.1229,0.0201,7.1262,7.6237,46.9333,28.2901,0.0063,15.0404,7.9837,46.3322,146.7569,0.0153,0.0091
koniq_3320115265_degraded_0.jpg,degraded,166.0378,52.8723,2582.1827,0.0202,0.187,52.5704,0.2488,9.1913,7.6519,110.2939,66.6357,0.2469,35.3207,11.2303,21.508,75.0887,0.0543,0.0091
koniq_3362731032_degraded_0.jpg,degraded,88.9202,52.7323,1838.794,0.2678,0.0031,196.1594,0.0152,7.6439,7.486,44.6974,27.1567,0.0061,12.6659,7.6243,36.6616,129.4473,0.0801,0.0101
koniq_3367220434_degraded_0.jpg,degraded,49.4917,49.0591,2245.0689,0.5863,0.0,182.9358,0.0359,8.4686,6.8853,50.1446,32.0953,0.013,14.1989,7.2354,36.6323,128.9796,0.3254,0.0113
koniq_3423896683_degraded_0.jpg,degraded,127.481,64.8412,3677.2014,0.0841,0.1167,134.3894,0.1842,10.8505,7.9145,79.5751,47.5616,0.0862,27.9217,11.982,28.2191,88.3931,0.0454,0.0092
koniq_3463146453_degraded_0.jpg,degraded,182.3587,86.9429,3510.1625,0.1213,0.6107,38.9839,0.1003,10.6018,6.9226,70.7888,61.5671,0.0949,23.135,19.2909,56.3966,179.8743,0.4544,0.0153
koniq_3662997757_degraded_0.jpg,degraded,109.3624,90.4055,2093.6344,0.3666,0.2602,68.8241,0.0592,8.1641,7.5573,56.2298,40.4477,0.0352,18.3703,13.0191,78.7394,219.8368,0.2345,0.0098
koniq_3773463532_degraded_0.jpg,degraded,115.9114,53.0508,1491.8991,0.0279,0.0459,79.3581,0.0127,6.8726,7.5623,43.5973,26.6944,0.0062,14.2033,8.6077,31.476,107.866,0.0036,0.0094
koniq_3815098207_degraded_0.jpg,degraded,80.706,52.4431,3729.5705,0.2084,0.02,134.2375,0.1005,10.8951,7.4569,67.1224,38.4342,0.0336,19.2979,8.5592,31.8933,107.7737,0.0282,0.0085
koniq_3921589638_degraded_0.jpg,degraded,103.1377,70.0007,1908.0212,0.3121,0.011,140.7449,0.06,7.804,7.6206,59.0786,43.9144,0.0484,21.0938,14.1215,42.8028,146.9988,0.1468,0.01
koniq_3948135332_degraded_0.jpg,degraded,137.951,41.514,3371.0244,0.0238,0.007,116.6089,0.0894,10.3745,7.3231,66.0095,37.6283,0.0295,19.7834,8.2049,18.2693,63.1061,0.004,0.009
koniq_3961459513_degraded_0.jpg,degraded,168.3828,44.4216,4205.9382,0.0183,0.083,90.1708,0.1312,11.572,7.2415,72.3113,42.7847,0.0489,20.9481,9.7918,11.8494,53.9388,0.0079,0.0088
koniq_411025625_degraded_0.jpg,degraded,138.3682,87.8643,5915.5552,0.1997,0.3281,54.109,0.1802,13.7604,7.6088,78.8412,45.2227,0.0697,21.3692,10.6974,67.6771,174.8062,0.1333,0.0097
koniq_4185039279_degraded_0.jpg,degraded,159.9704,76.594,2257.4287,0.0904,0.4067,39.8996,0.0855,8.4892,7.6095,67.9446,51.7783,0.0818,22.7693,16.328,56.5142,182.8117,0.0958,0.0086
koniq_4194428227_degraded_0.jpg,degraded,86.0769,52.7925,1575.9257,0.2471,0.0036,135.3141,0.0346,7.077,7.6128,50.7146,32.0481,0.0132,17.0575,9.3252,29.608,93.5331,0.0677,0.0096
koniq_4228738752_degraded_0.jpg,degraded,57.1269,54.9508,2051.8112,0.5534,0.0081,192.053,0.0256,8.0796,7.1396,47.1274,28.9643,0.0069,13.7898,8.044,32.7051,92.3,0.1777,0.0112
koniq_4237536969_degraded_0.jpg,degraded,118.0194,27.9499,6960.2883,0.0051,0.0004,139.1111,0.2355,14.9118,6.8455,82.0879,43.2338,0.0737,19.9547,3.3892,13.213,48.8815,0.0003,0.0091
koniq_4251971063_degraded_0.jpg,degraded,131.646,33.0641,7005.6497,0.0414,0.0013,142.3179,0.2234,14.9784,6.7346,82.1655,43.8484,0.076,19.742,4.6407,14.2051,52.7716,0.0125,0.0093
koniq_4281731487_degraded_0.jpg,degraded,122.3889,62.1092,3838.5602,0.055,0.1164,153.7817,0.1469,11.0726,7.7845,71.4811,41.3043,0.0476,22.0348,8.7177,38.9507,131.4988,0.0534,0.0097
koniq_4305975001_degraded_0.jpg,degraded,128.7424,82.5624,5369.1233,0.1848,0.234,110.5594,0.181,13.1148,7.8638,89.9803,64.4705,0.1407,29.3033,18.4806,49.4922,167.5194,0.1297,0.0108
koniq_432860543_degraded_0.jpg,degraded,171.1323,54.3192,2161.3147,0.0135,0.2655,54.5596,0.08,8.3376,7.6245,67.0973,51.3283,0.0744,22.6073,14.456,28.3558,99.3995,0.0942,0.0093
koniq_4344642946_degraded_0.jpg,degraded,191.5195,77.1303,2220.5442,0.0594,0.617,34.0809,0.0637,8.4108,6.8835,55.5174,46.0641,0.0511,18.3613,15.6906,47.283,174.4399,0.4481,0.0141
koniq_4495630749_degraded_0.jpg,degraded,81.6955,53.9078,6184.3506,0.2601,0.0164,146.9192,0.2267,14.0704,7.6033,86.4116,51.3288,0.1146,24.7202,9.4763,23.9398,77.3381,0.0653,0.0105
koniq_4524766514_degraded_0.jpg,degraded,130.6666,44.8956,5791.576,0.0514,0.0017,83.6501,0.2254,13.6125,7.3339,89.579,53.6428,0.1249,25.7141,11.5879,19.8335,60.846,0.0095,0.0089
koniq_4563172093_degraded_0.jpg,degraded,101.7875,45.3644,1293.3365,0.1018,0.0007,136.461,0.0197,6.4036,7.5034,47.6797,29.0718,0.0075,17.0536,8.7656,28.0078,86.1182,0.034,0.0093
koniq_4619633197_degraded_0.jpg,degraded,153.8647,93.3034,2035.776,0.226,0.4473,36.6754,0.0368,8.0481,7.4071,50.9112,37.4886,0.0296,16.2255,13.8145,66.6384,186.5264,0.322,0.0112
koniq_4710464067_degraded_0.jpg,degraded,196.1755,27.6233,3102.5897,0.0,0.2654,108.9823,0.0549,9.9592,6.7769,59.0529,31.7922,0.0093,17.2868,4.7642,6.6669,24.3285,0.0295,0.0092
koniq_4881913692_degraded_0.jpg,degraded,65.125,45.0019,4294.0886,0.3015,0.0011,181.7487,0.0969,11.7185,6.7686,66.9486,42.8099,0.0478,17.6987,9.1197,29.6083,95.3922,0.0192,0.0135
koniq_4992884384_degraded_0.jpg,degraded,141.4575,34.7592,1489.9476,0.0084,0.0091,90.2513,0.0169,6.8706,6.8785,42.3947,27.1439,0.0077,12.3577,7.8522,20.2866,81.8604,0.0002,0.0096
koniq_5079448176_degraded_0.jpg,degraded,166.4232,16.4493,1682.7529,0.0029,0.0,106.6401,0.002,7.3044,5.7739,39.4891,22.0718,0.0025,9.4934,3.8646,8.4449,30.8256,0.0001,0.0092
koniq_5095300668_degraded_0.jpg,degraded,203.1101,60.516,1341.8959,0.0,0.6268,82.6516,0.0382,6.5249,6.3284,44.3136,37.4909,0.0256,14.7362,11.6678,34.894,108.7226,0.5243,0.0154
koniq_5097068931_degraded_0.jpg,degraded,138.4577,17.8001,2514.3443,0.0002,0.0059,146.3942,0.0054,8.9383,6.0386,48.5697,25.7892,0.0011,11.8143,2.6049,8.8136,38.6884,0.0004,0.0091
koniq_5175429795_degraded_0.jpg,degraded,119.6508,68.8057,2901.0493,0.1272,0.1299,100.0255,0.0737,9.6258,7.8797,62.7372,40.9378,0.0411,18.8025,10.4366,53.7573,178.0723,0.0562,0.0102
koniq_5195185160_degraded_0.jpg,degraded,78.2736,64.1226,4261.9093,0.3652,0.0482,110.4008,0.1643,11.6882,7.6498,79.826,53.6069,0.1002,25.5915,14.0597,39.8666,163.5623,0.1561,0.0105
koniq_5241841036_degraded_0.jpg,degraded,103.7004,70.2417,6554.9147,0.2957,0.0158,101.3971,0.2201,14.4762,7.631,86.3584,54.7578,0.1209,24.4606,12.428,53.0945,154.7511,0.1656,0.011
koniq_5310130081_degraded_0.jpg,degraded,139.721,64.5681,3689.7318,0.0379,0.1455,95.6518,0.0983,10.8546,7.8376,66.065,38.7591,0.0338,20.2159,10.5314,38.5941,135.5239,0.037,0.0101
koniq_5365003071_degraded_0.jpg,degraded,124.9875,82.841,3952.891,0.2642,0.1592,152.2314,0.0997,11.2454,7.7028,67.476,40.3818,0.0407,19.6305,11.1724,57.8227,156.235,0.1014,0.0099
koniq_5419962760_degraded_0.jpg,degraded,194.6394,83.5772,1370.5249,0.0714,0.6861,60.3798,0.026,6.6035,6.2729,40.4332,36.1765,0.0253,12.952,13.6917,63.3511,196.889,0.5871,0.0167
koniq_5454884110_degraded_0.jpg,degraded,182.9556,55.3908,4637.1839,0.0051,0.3683,100.2938,0.189,12.1667,7.3869,76.4808,48.9711,0.0884,23.4563,11.0308,31.9629,101.8816,0.2292,0.0121
koniq_5460394455_degraded_0.jpg,degraded,78.973,43.628,1601.6806,0.1777,0.0042,176.3999,0.0575,7.1395,7.3886,55.8435,37.3878,0.027,18.7801,9.809,22.5969,88.816,0.0379,0.0092
koniq_5470588240_degraded_0.jpg,degraded,177.7003,67.9372,1732.6879,0.0469,0.4781,47.8709,0.0703,7.4356,7.4473,61.2439,47.9038,0.0615,21.1933,15.6346,31.2228,104.545,0.1228,0.009
koniq_5511925995_degraded_0.jpg,degraded,137.3897,49.0585,7593.5691,0.0242,0.0572,114.3935,0.281,15.5838,7.6431,92.272,50.4046,0.13,25.1378,7.4563,25.9117,103.9367,0.0151,0.0089
koniq_5543296873_degraded_0.jpg,degraded,53.7737,51.8607,701.6572,0.5398,0.0227,203.0506,0.0258,4.7198,7.1293,37.8517,37.8711,0.0268,14.2745,12.7003,29.6841,86.5942,0.2085,0.0148
koniq_5564570846_degraded_0.jpg,degraded,136.9865,22.8962,6966.1146,0.0027,0.0003,140.4443,0.2261,14.9157,6.5074,82.0917,43.5456,0.0744,19.6637,3.985,6.3799,24.5141,0.0004,0.0092
koniq_5621947330_degraded_0.jpg,degraded,68.9804,55.1834,3800.9557,0.3756,0.0344,88.9729,0.0819,11.0131,7.3957,66.3121,40.1643,0.0338,18.7395,10.0122,26.6086,100.7852,0.0884,0.0091
koniq_5677116051_degraded_0.jpg,degraded,84.012,43.8042,3897.1663,0.1385,0.0077,94.519,0.1372,11.1564,7.3855,73.7005,45.2221,0.0587,22.1043,10.5653,20.6259,74.9643,0.0332,0.0092
koniq_5796747370_degraded_0.jpg,degraded,153.3956,61.3864,4075.8254,0.0483,0.1284,149.2957,0.1191,11.3921,7.6109,68.699,39.6124,0.038,19.384,8.5848,45.8125,128.3095,0.0096,0.0095
koniq_5856265647_degraded_0.jpg,degraded,161.9341,76.9585,2433.0308,0.0938,0.3511,61.0474,0.1091,8.8142,7.7452,68.9081,49.1579,0.0805,26.7132,17.6609,34.4788,101.0034,0.1874,0.0105
koniq_5906952351_degraded_0.jpg,degraded,119.0472,64.4655,6205.2456,0.1682,0.0511,77.8867,0.2551,14.0671,7.852,97.9431,60.7758,0.1715,30.6003,14.3628,35.3331,108.946,0.0569,0.0092
koniq_5914848066_degraded_0.jpg,degraded,194.4489,49.9835,5938.7352,0.0237,0.4159,48.9811,0.1944,13.7826,7.2479,81.2942,48.1914,0.0818,22.255,10.3196,29.6005,113.8881,0.1251,0.01
koniq_5936297940_degraded_0.jpg,degraded,60.2782,42.8306,5127.2342,0.3151,0.0096,163.2239,0.1486,12.8126,6.9774,77.2754,48.0039,0.0685,21.1479,11.3905,17.0479,73.2047,0.0603,0.0088
koniq_5943227958_degraded_0.jpg,degraded,77.849,34.8045,3643.0581,0.0851,0.0048,176.0613,0.0581,10.7788,6.9745,61.4869,34.1214,0.0163,16.0561,6.1607,19.4948,69.2952,0.0023,0.0092
koniq_5951267818_degraded_0.jpg,degraded,150.9434,57.3247,1334.6968,0.0526,0.0601,42.6211,0.0618,6.5242,7.5125,60.219,44.8474,0.057,22.2566,14.0907,32.1421,89.2612,0.0046,0.0091
koniq_5971762123_degraded_0.jpg,degraded,183.948,37.2479,2950.2712,0.0141,0.137,18.3359,0.0678,9.6931,6.9085,61.72,35.143,0.0202,18.4146,7.5539,14.4504,42.4096,0.0086,0.0092
koniq_6010335101_degraded_0.jpg,degraded,94.3617,43.3436,3442.5869,0.0028,0.0552,174.5647,0.0547,10.4796,6.6302,61.1575,35.6738,0.0213,16.2809,8.4928,22.0038,65.1626,0.0223,0.0095
koniq_6059676315_degraded_0.jpg,degraded,139.0407,44.9081,1479.5862,0.0237,0.04,84.2956,0.0428,6.8535,7.4732,51.9142,36.634,0.0251,17.8218,10.9765,25.4561,100.0761,0.0139,0.009
koniq_6061284714_degraded_0.jpg,degraded,123.4447,72.6408,2921.3006,0.1855,0.1312,126.0139,0.0976,9.6497,7.9644,68.8283,47.3122,0.0669,24.5049,14.9462,33.861,141.9521,0.1064,0.0096
koniq_6118760299_degraded_0.jpg,degraded,93.4428,43.2568,6073.7497,0.0656,0.006,140.9267,0.2188,13.9312,7.3262,81.0806,44.2138,0.0744,21.9183,7.2844,23.7446,84.3869,0.0039,0.009
koniq_6185806763_degraded_0.jpg,degraded,148.9175,27.5322,5075.648,0.0002,0.0036,150.729,0.1205,12.7311,6.8202,69.6488,36.7628,0.0274,17.0745,3.1211,9.1887,32.5857,0.0,0.009
koniq_6191653562_degraded_0.jpg,degraded,109.6069,34.0464,7422.5396,0.0293,0.0,144.0714,0.2823,15.4029,7.1215,90.9427,48.6423,0.1221,24.3342,5.797,7.9925,28.8445,0.0031,0.0094
koniq_6216628901_degraded_0.jpg,degraded,168.7124,48.3396,6497.6114,0.0149,0.1301,113.6203,0.227,14.409,7.4427,82.2208,44.6564,0.079,21.8643,7.2714,28.4434,96.4421,0.0211,0.009
koniq_6230011878_degraded_0.jpg,degraded,68.3988,22.4605,3137.3372,0.0992,0.0,207.9896,0.0258,9.9966,6.482,55.519,29.7871,0.005,13.5465,3.3456,13.3046,48.3463,0.003,0.0088
koniq_6256829619_degraded_0.jpg,degraded,164.0921,92.1168,3488.5021,0.1314,0.5323,34.2773,0.097,10.5598,7.0263,65.3438,51.9865,0.0646,19.1785,14.779,66.4002,201.1019,0.4007,0.0143
koniq_6307302399_degraded_0.jpg,degraded,89.8159,53.5085,1430.2455,0.1691,0.0238,126.815,0.0615,6.7621,7.4938,61.7011,51.2471,0.0707,22.1491,15.2242,20.0662,88.0151,0.0111,0.0106
koniq_6343064519_degraded_0.jpg,degraded,205.2331,27.0319,1614.4009,0.0,0.4031,19.626,0.0015,7.1503,6.629,39.7471,21.3534,0.0001,10.439,3.3352,20.1204,79.2965,0.0423,0.0089
koniq_6344902938_degraded_0.jpg,degraded,109.2557,75.6287,2097.1655,0.25,0.1027,49.0067,0.0276,8.1631,7.7227,50.2621,29.2934,0.0072,15.3015,8.0905,63.269,191.4496,0.0554,0.0089
koniq_6346994570_degraded_0.jpg,degraded,102.7369,21.4611,3890.0539,0.0145,0.0038,132.6517,0.058,11.156,6.1883,62.9199,35.0742,0.0192,15.7947,6.1778,1.7048,7.4556,0.0042,0.0092
koniq_6608109869_degraded_0.jpg,degraded,65.9567,45.8568,1706.2608,0.3312,0.0031,159.3022,0.0276,7.3585,7.2164,48.6057,30.8227,0.0121,15.1374,8.3066,24.0501,89.9778,0.0533,0.0095
koniq_6729759239_degraded_0.jpg,degraded,103.4385,44.8653,3698.3013,0.0443,0.0153,105.753,0.087,10.8523,7.4525,65.778,37.4792,0.0274,18.8446,7.5651,24.8174,81.7146,0.0068,0.009
koniq_6757989209_degraded_0.jpg,degraded,141.4011,68.841,5245.6077,0.0827,0.1932,125.8648,0.1779,12.9431,7.9221,79.0951,48.8097,0.0789,23.7837,12.3545,31.6444,98.2672,0.0747,0.0102
koniq_6787512667_degraded_0.jpg,degraded,170.9751,67.3991,1007.6998,0.0455,0.2968,50.3957,0.0333,5.6687,7.5814,50.7912,46.2662,0.0475,19.5554,15.4476,45.5254,141.345,0.194,0.01
koniq_6829189111_degraded_0.jpg,degraded,192.2057,16.8068,2374.6244,0.0013,0.037,13.3851,0.0047,8.6877,5.8055,47.7056,26.5755,0.0039,11.6485,4.1878,6.515,24.0907,0.0003,0.0096
koniq_6845848072_degraded_0.jpg,degraded,100.5897,56.0279,1769.9269,0.2205,0.0006,120.5822,0.0418,7.5003,7.4491,51.3117,33.9347,0.0195,16.0684,10.0708,40.7028,127.6454,0.0536,0.0093
koniq_6862989864_degraded_0.jpg,degraded,105.4059,51.0629,3480.9607,0.1094,0.018,95.3413,0.1622,10.5367,7.6641,74.4135,42.5429,0.0577,25.5791,10.5315,17.2304,61.9726,0.0199,0.0096
koniq_6870048801_degraded_0.jpg,degraded,174.1114,53.0044,5716.9578,0.0077,0.2642,43.1598,0.2052,13.539,7.4854,81.86,46.6448,0.0819,21.6156,7.3347,42.1159,113.312,0.0384,0.0089
koniq_6897314758_degraded_0.jpg,degraded,110.0227,50.4217,1502.6143,0.0565,0.0168,93.2265,0.0305,6.9081,7.5021,49.8217,32.4399,0.0161,16.4211,8.962,37.087,120.325,0.006,0.0094
koniq_6900924910_degraded_0.jpg,degraded,139.0272,78.6472,3043.8376,0.1016,0.2784,84.1531,0.153,9.8724,7.7487,75.336,53.2737,0.0973,25.2856,14.2639,57.0719,191.2905,0.211,0.0116
koniq_6915781600_degraded_0.jpg,degraded,182.6605,51.0577,2210.3027,0.0041,0.3541,86.3994,0.0849,8.4019,7.4127,60.5178,39.7043,0.0353,19.0652,9.7308,34.0798,104.7506,0.1626,0.0104
koniq_6965249888_degraded_0.jpg,degraded,148.0457,60.0362,6107.9084,0.0299,0.1725,125.2405,0.2177,13.9948,7.7962,84.3586,48.808,0.0963,22.7818,8.9312,40.3531,153.2552,0.041,0.0089
koniq_7005136305_degraded_0.jpg,degraded,97.8622,73.2629,1224.6338,0.3177,0.065,119.0447,0.0346,6.2269,7.8162,48.7877,35.0895,0.0207,18.5613,12.8396,42.9289,137.7969,0.1304,0.0102
koniq_7029108053_degraded_0.jpg,degraded,176.7258,31.6023,7352.4578,0.0024,0.0927,69.0699,0.2434,15.3347,6.9487,84.606,44.6306,0.0856,20.2531,3.1406,16.689,60.9529,0.0058,0.0091
koniq_7108939139_degraded_0.jpg,degraded,96.8056,40.2172,2093.4236,0.074,0.0027,118.832,0.0433,8.1647,7.339,53.5489,32.988,0.0147,17.1325,8.3152,20.4732,79.9019,0.0104,0.0103
koniq_7154088130_degraded_0.jpg,degraded,171.5788,51.3936,7347.9061,0.0507,0.125,126.3571,0.2428,15.3183,7.2353,85.7527,46.9197,0.0945,21.7541,7.8716,29.0708,110.1733,0.0171,0.0087
koniq_7163375274_degraded_0.jpg,degraded,185.0498,79.8073,2680.2089,0.0699,0.5608,21.3945,0.0518,9.2518,7.0222,56.0501,44.4803,0.0419,17.1864,14.8801,53.865,189.2387,0.3979,0.0141
koniq_7215678842_degraded_0.jpg,degraded,101.3332,37.8041,1436.0216,0.0091,0.0066,130.293,0.0052,6.7393,7.162,39.7218,23.2709,0.0029,11.132,5.8159,21.3973,70.746,0.0005,0.0096
koniq_7255289130_degraded_0.jpg,degraded,107.5194,61.734,2246.4067,0.1191,0.097,47.5757,0.0872,8.493,7.7114,75.2985,61.2488,0.1112,26.741,18.9085,23.1104,73.9861,0.0905,0.0101
koniq_7283094026_degraded_0.jpg,degraded,139.9206,62.0908,1504.2485,0.0791,0.0762,98.2261,0.0322,6.9124,7.7258,49.1719,31.7598,0.0138,16.4241,9.8558,49.4714,147.8888,0.0145,0.009
koniq_7329465526_degraded_0.jpg,degraded,128.4723,71.9782,5855.9841,0.1315,0.1617,99.3254,0.2106,13.6959,7.9574,79.8725,44.7881,0.0724,22.4284,8.932,50.6404,146.8913,0.0819,0.0093
koniq_7365538478_degraded_0.jpg,degraded,190.4804,74.4077,4677.9155,0.0746,0.5988,35.5718,0.1147,12.2139,7.1043,71.5775,47.6798,0.0604,19.6203,12.3682,57.2639,161.0679,0.2859,0.0114
koniq_7380460592_degraded_0.jpg,degraded,72.888,24.5542,7613.3764,0.0779,0.0008,85.2389,0.2505,15.6147,6.6227,85.1093,44.8212,0.0876,20.0719,2.6631,10.0479,32.7826,0.0028,0.0086
koniq_7608025600_degraded_0.jpg,degraded,74.1628,72.3924,1306.1645,0.4699,0.0577,103.3872,0.0769,6.4533,7.4366,61.1791,53.17,0.0758,24.471,19.0403,34.6431,121.6039,0.3201,0.0117
koniq_7734376776_degraded_0.jpg,degraded,170.6082,41.0817,2096.259,0.0027,0.0804,19.767,0.0862,8.1677,7.1808,63.8297,39.5873,0.0386,21.736,11.0421,15.2339,54.0858,0.0013,0.009
koniq_7744803492_degraded_0.jpg,degraded,87.4243,51.7068,4506.0352,0.2029,0.0109,131.5864,0.1639,11.9878,7.6262,72.8753,40.4652,0.0468,21.8935,8.0799,27.4562,107.3087,0.0528,0.0092
koniq_7751952772_degraded_0.jpg,degraded,134.1064,85.9268,1431.5464,0.1468,0.3175,64.3261,0.0143,6.742,7.6213,43.6089,29.2978,0.0128,14.2499,10.1584,73.4224,207.9265,0.139,0.0095
koniq_7819353184_degraded_0.jpg,degraded,164.2395,61.1148,1349.2298,0.0348,0.2926,72.7562,0.0422,6.5438,7.6015,51.4304,38.3154,0.0318,17.7281,11.9412,42.7759,146.0332,0.0284,0.0085
koniq_7914714726_degraded_0.jpg,degraded,113.6141,59.7621,4992.2776,0.1164,0.0563,185.8631,0.2355,12.6256,7.8545,86.264,49.8043,0.1113,29.0017,11.3144,24.8466,80.7462,0.0426,0.0093
koniq_7937116986_degraded_0.jpg,degraded,67.1779,42.1646,6637.4916,0.2672,0.0054,130.5311,0.2228,14.5646,7.2611,84.0296,47.4725,0.0937,22.6233,8.0435,21.7416,84.2379,0.0664,0.0106
koniq_8035433785_degraded_0.jpg,degraded,87.0426,71.4656,4057.6548,0.3525,0.0514,140.5861,0.1376,11.4095,7.6502,73.6835,54.0218,0.0829,22.8596,15.2125,23.9198,100.4909,0.2179,0.0122
koniq_8086991348_degraded_0.jpg,degraded,87.4615,57.7567,2850.1177,0.2705,0.0066,60.916,0.0452,9.5417,7.6665,56.4853,32.3577,0.0119,16.1919,7.3442,45.7771,160.8086,0.0906,0.0091
koniq_8096129179_degraded_0.jpg,degraded,113.9275,71.3661,1323.4886,0.2289,0.0676,139.6288,0.0093,6.4748,7.8089,39.4885,24.6306,0.004,11.5891,6.11,65.1998,196.3814,0.1162,0.0098
koniq_8113498731_degraded_0.jpg,degraded,116.5608,80.0218,6127.6857,0.2122,0.1901,55.9338,0.2097,13.983,7.8431,80.5817,48.3859,0.0935,21.9599,8.4143,69.2051,221.1532,0.1957,0.0114
koniq_8191059336_degraded_0.jpg,degraded,108.4766,57.9424,6738.1931,0.1356,0.0271,185.7163,0.2648,14.6784,7.7986,87.6029,47.7787,0.1074,25.3001,7.3483,36.0687,128.2642,0.0419,0.0091
koniq_8201445603_degraded_0.jpg,degraded,28.1891,35.8126,2705.5236,0.8004,0.0006,150.4454,0.0522,9.2942,6.173,52.3792,35.1379,0.0195,14.5201,8.7788,17.4465,49.0112,0.4755,0.0142
koniq_8233745351_degraded_0.jpg,degraded,101.1894,81.4785,6182.1116,0.2914,0.1759,77.3464,0.2156,14.0825,7.7081,89.5753,59.1792,0.1339,26.3456,14.2854,51.6767,202.4904,0.1711,0.0106
koniq_8242266673_degraded_0.jpg,degraded,38.0934,52.9882,1728.5113,0.7119,0.0033,164.7856,0.0337,7.418,6.3676,44.2911,35.7127,0.0194,13.3992,11.3198,32.1129,92.6755,0.5289,0.0162
koniq_8274584258_degraded_0.jpg,degraded,196.1272,84.9142,3371.7831,0.1274,0.7236,32.9262,0.0584,10.3782,6.3887,60.1303,47.8217,0.0432,17.0958,14.8228,60.0514,168.3716,0.5282,0.0159
koniq_8333683532_degraded_0.jpg,degraded,198.0884,45.8625,3224.5564,0.0047,0.4454,41.0926,0.0652,10.1448,7.2241,62.2675,41.9333,0.0395,18.0194,11.4321,25.8886,88.797,0.186,0.0108
koniq_8401416435_degraded_0.jpg,degraded,102.7002,36.0866,5490.8697,0.0348,0.0042,107.793,0.1862,13.236,7.2028,76.8376,41.9221,0.0566,19.5638,5.3143,23.3209,82.8049,0.0033,0.0088
koniq_8421980802_degraded_0.jpg,degraded,191.822,47.1126,3766.563,0.0133,0.3815,26.4449,0.0939,10.9694,7.2634,67.4075,41.9798,0.0386,18.1878,9.3945,34.3143,106.1972,0.0843,0.0097
koniq_8441623412_degraded_0.jpg,degraded,166.0939,31.3074,7175.4119,0.0011,0.0513,131.4963,0.2732,15.1382,6.996,87.51,46.3907,0.1014,22.2586,4.034,13.2093,46.3724,0.0044,0.0084
koniq_8450836581_degraded_0.jpg,degraded,142.4668,38.5579,4889.8657,0.0036,0.0396,110.7696,0.133,12.4986,7.2935,70.6742,38.0557,0.033,18.312,5.1873,18.3327,64.1973,0.011,0.009
koniq_8493065081_degraded_0.jpg,degraded,132.7703,40.2223,3730.1334,0.0105,0.0137,63.4198,0.1068,10.9188,7.366,68.4554,39.1885,0.037,20.3828,8.4439,19.5005,84.1851,0.0024,0.0088
koniq_8532727626_degraded_0.jpg,degraded,94.646,66.4653,2244.795,0.3128,0.0005,115.9875,0.0651,8.456,7.5032,57.9821,39.7761,0.0362,18.6963,11.8863,49.6579,152.5156,0.1606,0.0102
koniq_8546536299_degraded_0.jpg,degraded,180.1837,37.2499,2110.3521,0.0008,0.1295,61.865,0.0181,8.192,7.0425,49.1404,27.6493,0.0043,14.2923,6.4381,17.3978,62.6093,0.0048,0.0088
koniq_8636811972_degraded_0.jpg,degraded,56.1116,62.338,3814.9614,0.5885,0.0144,149.8716,0.1123,11.0517,7.019,65.2204,46.8614,0.058,18.9733,11.7988,40.1315,120.4982,0.3767,0.0148
koniq_8638507719_degraded_0.jpg,degraded,86.9372,56.3844,3035.3318,0.2014,0.041,141.9284,0.0738,9.8511,7.6467,62.3822,36.627,0.0253,18.864,9.1086,40.6287,161.1376,0.0647,0.0097
koniq_8639811289_degraded_0.jpg,degraded,147.2057,56.3161,3881.3408,0.0276,0.1334,125.791,0.174,11.15,7.7859,76.6517,45.3407,0.0699,24.9019,9.9515,26.3878,85.4172,0.04,0.0092
koniq_8645927718_degraded_0.jpg,degraded,130.2426,61.8177,1992.3708,0.0453,0.1052,124.2036,0.0619,7.9856,7.8268,61.5513,44.1895,0.0476,20.7178,12.6717,29.1376,109.7347,0.0425,0.0095
koniq_8647880189_degraded_0.jpg,degraded,189.3733,45.6441,3513.5089,0.0018,0.3634,66.3246,0.0723,10.5871,7.3354,61.5081,36.4962,0.0234,17.0283,7.8813,20.8432,80.9987,0.1263,0.0103
koniq_8657980323_degraded_0.jpg,degraded,143.0324,50.3359,2439.2724,0.0199,0.0801,78.4825,0.0462,8.8087,7.6401,56.3946,32.2145,0.0122,17.602,8.0159,30.3698,107.5887,0.0044,0.0091
koniq_8675742263_degraded_0.jpg,degraded,146.9259,29.075,4526.8518,0.0005,0.0135,99.6616,0.2043,12.0241,6.9011,77.6404,42.4176,0.0602,21.6964,5.839,5.5582,18.7471,0.0009,0.009
koniq_8704133333_degraded_0.jpg,degraded,83.8919,30.6195,7422.939,0.0678,0.0001,194.9399,0.2539,15.3937,6.9557,85.8145,45.538,0.0933,21.0245,3.8037,15.1796,60.3232,0.0148,0.0092
koniq_8707214366_degraded_0.jpg,degraded,139.5561,41.896,3013.6097,0.0268,0.0089,83.4106,0.0516,9.7949,7.347,59.8067,35.3378,0.0218,17.2362,9.1508,23.8276,74.878,0.0078,0.0092
koniq_8715753944_degraded_0.jpg,degraded,162.1016,75.4171,3648.2288,0.0412,0.4221,55.9813,0.1057,10.8004,7.3838,63.9347,40.1788,0.0376,18.2335,10.0942,65.4667,172.321,0.2533,0.0124
koniq_8716882404_degraded_0.jpg,degraded,138.5046,63.7273,4036.388,0.0991,0.0777,33.3273,0.2352,11.3621,7.8017,89.3904,51.4201,0.132,32.6975,11.9186,25.6603,109.4016,0.0512,0.0094
koniq_8728715575_degraded_0.jpg,degraded,94.066,44.0181,4800.4877,0.1009,0.0111,114.3126,0.2064,12.3734,7.4578,77.8774,42.5142,0.0619,22.8367,6.6835,15.571,52.2142,0.0218,0.0095
koniq_8774523686_degraded_0.jpg,degraded,34.8597,23.1731,2079.4991,0.7093,0.0,193.308,0.017,8.1326,6.1708,46.7114,27.4596,0.0065,12.2753,6.2873,10.8382,42.268,0.1219,0.0094
koniq_8841313273_degraded_0.jpg,degraded,85.76,59.2504,4025.9195,0.279,0.0192,130.9668,0.1321,11.3489,7.7004,72.0507,46.5056,0.0646,21.7727,11.8602,37.6505,148.1804,0.0891,0.0109
koniq_8909034593_degraded_0.jpg,degraded,50.2332,31.0659,3085.7651,0.4236,0.0,170.7,0.1058,9.9184,6.8359,65.5313,37.9696,0.0319,19.6895,6.9794,8.6923,33.8855,0.09,0.0091
koniq_8911411937_degraded_0.jpg,degraded,86.0686,45.3368,6806.704,0.1365,0.022,150.7364,0.2837,14.7388,7.4164,92.3189,51.9077,0.1312,26.0233,8.8623,10.4575,34.1261,0.0359,0.0094
koniq_8995226934_degraded_0.jpg,degraded,128.7359,22.8815,2222.6076,0.0057,0.0002,171.672,0.0272,8.4067,6.4309,52.4288,30.5195,0.0102,14.5552,6.333,7.5998,26.0925,0.0003,0.0091
koniq_9042624878_degraded_0.jpg,degraded,116.8598,79.8924,3684.8085,0.2527,0.1511,117.3794,0.1272,10.8812,7.8952,78.4494,59.0564,0.1075,26.3592,17.3758,48.2529,180.6231,0.1185,0.011
koniq_9048453025_degraded_0.jpg,degraded,110.7352,47.715,2397.3342,0.0565,0.0102,48.8147,0.1614,8.7738,7.5754,79.0027,47.5177,0.0887,26.0599,9.3849,25.1356,89.7683,0.0121,0.0093
koniq_9054377711_degraded_0.jpg,degraded,115.1616,81.4015,4216.0131,0.2107,0.2143,72.5224,0.1529,11.5967,7.7863,72.0787,44.3458,0.06,22.0657,10.7934,61.5271,189.0601,0.1708,0.0105
koniq_9159337218_degraded_0.jpg,degraded,127.2629,27.3147,6673.9054,0.0029,0.0011,175.7206,0.2202,14.6144,6.8102,80.7053,42.824,0.0686,19.5931,3.0641,11.1732,37.8536,0.0006,0.0092
koniq_9188509301_degraded_0.jpg,degraded,93.9486,45.0702,5674.7161,0.0755,0.0118,186.8414,0.187,13.4667,7.4134,75.7919,40.7131,0.0505,19.5167,5.4594,28.4698,97.057,0.0221,0.0086
koniq_9249272493_degraded_0.jpg,degraded,63.988,52.8397,1245.7926,0.4153,0.0079,106.4595,0.0329,6.2919,7.3907,48.5501,34.6671,0.0197,16.8721,10.9262,32.6795,109.3551,0.201,0.01
koniq_9251645143_degraded_0.jpg,degraded,198.2803,24.0187,5234.4203,0.0002,0.2283,21.0914,0.1325,12.9324,6.5094,70.8728,37.4214,0.0308,16.8718,2.9694,9.7261,34.0372,0.0153,0.0086
koniq_9255279783_degraded_0.jpg,degraded,141.1522,61.7278,1483.6576,0.0275,0.1747,114.7779,0.0247,6.864,7.5782,47.2863,30.45,0.0106,15.3365,8.7187,46.4301,147.7522,0.0351,0.0094
koniq_9256620726_degraded_0.jpg,degraded,108.5199,56.1096,1449.4581,0.152,0.0145,176.6329,0.0243,6.7762,7.6701,46.1335,30.1586,0.0119,15.8699,9.5589,37.7062,119.6703,0.0141,0.0088
koniq_9269537075_degraded_0.jpg,degraded,159.1602,44.2737,4375.1151,0.0003,0.1434,175.0856,0.1123,11.8078,7.421,67.0242,36.6506,0.0257,17.8401,4.8849,26.9396,108.1851,0.0424,0.0093
koniq_9379457487_degraded_0.jpg,degraded,162.1933,26.2433,2870.1939,0.0001,0.0092,123.7498,0.0293,9.5696,6.719,55.1962,30.3166,0.0074,14.7832,5.5709,9.6178,36.4111,0.0001,0.0089
koniq_9408208696_degraded_0.jpg,degraded,122.7971,53.7696,2206.0,0.0005,0.0792,171.2564,0.0415,8.3842,7.1867,53.0743,33.3379,0.0181,15.9117,9.9483,36.9859,117.6585,0.0235,0.009
koniq_9408400121_degraded_0.jpg,degraded,112.9711,44.607,6314.3113,0.0159,0.037,82.8354,0.2654,14.2122,7.3949,87.4485,47.6919,0.1054,24.3284,6.7093,23.364,84.5116,0.01,0.0088
koniq_9438182965_degraded_0.jpg,degraded,51.1088,60.2663,1874.5107,0.6198,0.0053,127.2844,0.0906,7.7383,6.7026,59.8857,54.1831,0.0781,21.5147,17.4053,23.7006,66.5602,0.4689,0.0155
koniq_9442161547_degraded_0.jpg,degraded,48.2034,42.6231,1532.7906,0.4997,0.0003,165.1671,0.0283,6.9761,6.9846,44.0391,30.3593,0.0085,14.0305,8.8159,25.7555,101.42,0.2485,0.0127
koniq_9474360756_degraded_0.jpg,degraded,126.9612,41.95,6131.8808,0.0355,0.0085,140.44,0.2021,13.9916,7.3795,79.0443,42.433,0.0632,20.3189,5.7643,22.2673,93.6412,0.0044,0.009
koniq_9490079439_degraded_0.jpg,degraded,192.6995,52.4129,5190.6889,0.0115,0.451,73.192,0.1416,12.8924,7.2486,71.3391,42.1325,0.0501,18.043,7.4404,41.4703,116.2027,0.1193,0.012
koniq_9522817562_degraded_0.jpg,degraded,168.2151,55.824,4295.3761,0.0309,0.1607,149.8562,0.1213,11.7056,7.4503,69.7429,38.8195,0.036,18.4883,6.5802,45.6509,177.1689,0.02,0.0089
koniq_9527980922_degraded_0.jpg,degraded,145.3229,41.1169,2835.9615,0.0402,0.0096,105.8995,0.0763,9.5167,7.2048,62.1801,35.067,0.0197,18.5769,6.6786,24.1734,84.2697,0.0135,0.0094
koniq_9594906572_degraded_0.jpg,degraded,104.0702,68.8717,2917.976,0.252,0.0262,107.9189,0.115,9.6602,7.7863,75.3402,54.6316,0.0955,25.305,15.577,44.7637,155.6659,0.1025,0.0095
koniq_9641836616_degraded_0.jpg,degraded,175.6881,44.2197,5123.9584,0.0193,0.1174,95.888,0.2012,12.8186,7.1643,79.893,45.6842,0.0724,22.3975,9.1657,22.092,64.3407,0.0114,0.0082
koniq_9655773082_degraded_0.jpg,degraded,176.6293,55.8722,5123.4625,0.0747,0.1703,42.275,0.1486,12.7981,7.0997,74.7075,42.9269,0.0545,20.2686,10.0599,33.9068,111.1141,0.0393,0.0088
koniq_9723836931_degraded_0.jpg,degraded,68.149,35.8368,1101.6953,0.1994,0.0036,154.8056,0.0211,5.9171,6.9926,45.0311,31.9815,0.0157,14.5368,9.0234,20.3688,68.8949,0.067,0.0092
koniq_9768559232_degraded_0.jpg,degraded,146.0092,49.0826,7326.0276,0.0202,0.0724,39.4901,0.2933,15.3108,7.6314,93.1889,50.433,0.1353,26.295,7.2094,18.5709,68.4039,0.0168,0.0089
koniq_9991999836_degraded_0.jpg,degraded,138.2081,57.7237,5644.3572,0.0791,0.0386,121.2984,0.1872,13.4268,7.6863,76.8279,41.2942,0.0541,20.4971,6.5579,38.4253,144.4731,0.0164,0.0084
original_baby_degraded_0.jpg,degraded,112.57,55.4806,2770.6268,0.0776,0.0506,101.4622,0.1042,9.3705,7.735,65.2113,38.1572,0.0306,22.0329,8.7841,39.3772,163.5394,0.0352,0.0095
original_candy_degraded_0.jpg,degraded,140.62,62.9984,1319.2508,0.092,0.0785,152.945,0.023,6.4711,7.7923,45.3515,31.8955,0.0146,15.7986,10.5547,25.2581,87.7973,0.0314,0.0095
original_desk_degraded_0.jpg,degraded,96.5265,53.7234,6381.5619,0.1448,0.0198,88.8611,0.2161,14.2858,7.6954,81.1549,44.4855,0.0753,20.3025,5.5602,32.5044,114.3783,0.0429,0.0093
original_dining_degraded_0.jpg,degraded,163.4903,57.582,2818.2602,0.0335,0.1794,54.5779,0.0379,9.4774,7.6758,56.5798,33.1525,0.0154,16.2732,8.8472,33.7065,115.3137,0.0391,0.0091
original_forest_degraded_0.jpg,degraded,86.2646,49.5433,4302.238,0.1804,0.007,142.4686,0.1343,11.7187,7.5408,69.9317,37.933,0.0332,19.1278,5.6968,32.4034,104.4242,0.0279,0.0091
original_holi_degraded_0.jpg,degraded,110.6313,57.6714,3253.4364,0.1093,0.0512,126.3893,0.0992,10.1877,7.791,66.0051,39.336,0.036,21.0457,9.9962,33.8246,118.2773,0.0222,0.0099
original_human_degraded_0.jpg,degraded,61.1336,44.411,2989.2282,0.3375,0.0023,145.3961,0.0495,9.7641,7.1247,54.9468,34.1855,0.0146,14.7537,6.8122,26.0206,98.4312,0.2171,0.0114
original_image_degraded_0.jpg,degraded,57.3762,32.3516,6500.7152,0.3149,0.0025,152.3932,0.1968,14.4135,6.876,78.332,41.4961,0.0584,18.3778,2.877,15.4048,45.0302,0.0402,0.0082
original_masha_degraded_0.jpg,degraded,146.5083,53.982,6255.6659,0.0452,0.0344,184.2133,0.1967,14.1451,7.4915,78.5478,42.1359,0.0603,19.0113,4.7842,28.753,86.2395,0.0134,0.0087
original_panda_degraded_0.jpg,degraded,95.1911,62.5267,3167.1951,0.2602,0.0238,134.0525,0.0901,10.0544,7.7733,63.8537,37.7947,0.0294,18.5044,8.1997,41.7845,125.9019,0.0801,0.0096
original_smoke_degraded_0.jpg,degraded,107.9784,52.9965,1313.218,0.0003,0.0981,61.5903,0.0031,6.445,7.0024,38.0992,21.1637,0.0008,11.1627,4.9022,38.0934,134.7655,0.011,0.0089
original_temple_degraded_0.jpg,degraded,80.1042,56.3344,1971.6565,0.3109,0.0049,136.7272,0.027,7.918,7.5679,48.63,29.3906,0.0066,14.6249,7.8811,36.1036,112.7171,0.1539,0.0103
original_tiger_degraded_0.jpg,degraded,84.4382,59.9177,2749.5053,0.2714,0.0266,182.077,0.0423,9.3627,7.7042,55.7982,32.409,0.0123,15.7661,7.4434,30.5965,104.2972,0.102,0.0098
original_zombie_degraded_0.jpg,degraded,68.8639,47.6459,1264.082,0.3764,0.0,150.1877,0.0197,6.3271,7.2895,43.2058,28.3907,0.0074,14.8516,10.1047,26.6519,89.0942,0.0466,0.0088
koniq_10004473376_noise_0.jpg,noise,101.2038,72.0637,17699.5844,0.2393,0.1043,106.2546,0.3455,24.6293,7.876,169.3595,130.7452,0.4412,40.6866,16.258,30.2545,103.1114,0.1167,0.013
koniq_10069534975_noise_0.jpg,noise,119.8876,53.48,8746.3308,0.0922,0.0258,138.8543,0.2687,17.5591,7.7073,129.638,106.7386,0.282,32.8957,15.5945,21.6188,96.9701,0.0252,0.0121
koniq_10218118033_noise_0.jpg,noise,113.1021,71.6889,5767.3538,0.2373,0.0848,154.7046,0.1758,15.2195,7.9009,129.6013,142.9613,0.259,38.4712,19.9057,32.3441,113.665,0.0845,0.0167
koniq_10362672006_noise_0.jpg,noise,100.2445,57.0866,12453.8972,0.1508,0.0309,138.9514,0.3458,21.2824,7.7714,173.3572,122.7397,0.4781,39.6748,11.9968,26.859,91.3525,0.0453,0.0128
koniq_10423472445_noise_0.jpg,noise,84.4315,64.3207,8823.0272,0.3292,0.0503,96.8234,0.2432,17.1996,7.705,107.8189,97.8028,0.1783,29.7928,17.1686,32.3047,111.2198,0.1457,0.0126
koniq_10446810546_noise_0.jpg,noise,93.0765,60.57,10681.8544,0.2074,0.0376,136.5795,0.2922,18.8958,7.7598,128.9132,99.5209,0.2896,33.1638,13.2516,30.4079,109.0697,0.0632,0.0123
koniq_10597114264_noise_0.jpg,noise,84.5117,63.0128,3887.391,0.3177,0.0096,160.3844,0.1637,12.1472,7.6273,100.9185,109.9133,0.1873,29.8231,19.0843,28.4824,110.2594,0.1367,0.0156
koniq_10615424764_noise_0.jpg,noise,183.4121,92.8555,3643.3389,0.1417,0.6793,35.0834,0.0679,11.0143,6.445,65.9503,76.229,0.0538,19.1726,17.9424,69.142,169.9706,0.5228,0.0173
koniq_10680502673_noise_0.jpg,noise,169.2722,33.0691,10408.7118,0.0004,0.0752,80.7273,0.3345,18.5105,7.0781,118.0475,71.4445,0.2669,27.6311,4.8327,9.4666,34.8128,0.0089,0.0093
koniq_107799222_noise_0.jpg,noise,188.8065,33.9477,3177.7448,0.0126,0.1096,20.3202,0.087,10.4291,6.5088,70.5292,63.9648,0.061,17.8549,12.0534,14.2163,50.1077,0.0165,0.0108
koniq_10828395135_noise_0.jpg,noise,116.3287,35.4647,8547.822,0.0144,0.0101,118.2381,0.2994,16.6726,7.1711,101.7774,60.6424,0.1785,24.5232,6.1027,12.7176,43.4864,0.003,0.0092
koniq_10866561184_noise_0.jpg,noise,186.9877,44.0584,7483.3003,0.0024,0.3059,77.5304,0.2645,15.6073,7.3096,95.8235,62.5377,0.1451,23.7924,7.3159,24.5405,107.1925,0.063,0.0099
koniq_10899733355_noise_0.jpg,noise,134.2976,58.5464,10695.5771,0.0682,0.0946,122.2219,0.3508,20.1818,7.8442,189.6847,137.9272,0.514,42.2338,11.8092,25.8496,96.4937,0.0379,0.0154
koniq_10921653346_noise_0.jpg,noise,44.8601,48.6919,2360.1638,0.5833,0.0125,185.3237,0.0806,9.2042,6.8416,73.4856,103.7817,0.1006,22.4821,20.6398,25.6694,76.3771,0.3863,0.0163
koniq_10953973716_noise_0.jpg,noise,79.016,36.5556,4085.9319,0.1252,0.0042,190.0713,0.1829,12.002,7.154,90.1581,76.7809,0.1312,22.5373,11.4588,17.2886,62.0631,0.0191,0.0119
koniq_11159983896_noise_0.jpg,noise,116.5388,83.7909,9371.467,0.2357,0.2149,85.5962,0.2736,17.4324,7.819,100.3361,61.4109,0.1801,24.5017,7.9327,72.4636,203.567,0.1532,0.0115
koniq_11250215644_noise_0.jpg,noise,146.3541,60.4611,13480.4143,0.0723,0.1119,113.5024,0.3333,20.9943,7.8131,134.7848,98.425,0.3207,33.833,12.118,37.1734,118.8713,0.0441,0.0091
koniq_11269626135_noise_0.jpg,noise,82.3182,62.9435,9181.6056,0.3392,0.0447,135.9875,0.238,18.3998,7.6835,148.8011,147.8639,0.3087,39.7811,19.3213,25.0737,94.3208,0.1382,0.0164
koniq_11273190884_noise_0.jpg,noise,161.0665,68.9288,8812.6532,0.055,0.3065,125.6658,0.2764,17.4645,7.8052,139.6119,122.4051,0.3149,39.2695,18.4266,33.6389,99.4578,0.1362,0.0123
koniq_11321228905_noise_0.jpg,noise,99.8622,61.5576,6938.9697,0.1515,0.0403,167.794,0.2267,15.4966,7.7668,103.8878,87.8778,0.1902,25.1389,12.4498,41.939,137.4353,0.0515,0.0163
koniq_11369797883_noise_0.jpg,noise,73.0474,59.4143,7077.0411,0.4104,0.0149,174.1319,0.204,15.6157,7.5191,111.3869,101.9398,0.2104,30.4318,16.8182,30.4494,97.1799,0.1285,0.0139
koniq_1360663704_noise_0.jpg,noise,112.0674,51.2445,11327.6214,0.0958,0.0183,157.3359,0.2852,20.118,7.6792,139.3227,112.8052,0.3232,32.4506,14.6661,24.8187,71.9795,0.0321,0.0159
koniq_136948336_noise_0.jpg,noise,117.681,84.9803,6458.489,0.2835,0.2136,78.0992,0.1796,15.8053,7.862,126.124,141.2329,0.2564,38.0794,22.6575,51.6318,177.724,0.1852,0.0205
koniq_1519242706_noise_0.jpg,noise,172.2378,52.5574,14344.5105,0.0168,0.2352,84.1225,0.3383,22.0163,7.5931,132.8526,95.623,0.3204,30.8264,11.3026,33.4934,85.8712,0.0573,0.0106
koniq_2044507520_noise_0.jpg,noise,74.9903,23.4112,3025.9443,0.0179,0.0037,172.0711,0.0236,9.8944,6.2221,56.8674,45.427,0.023,14.0451,8.095,9.5303,31.1917,0.0017,0.0097
koniq_2152767186_noise_0.jpg,noise,69.8751,37.6912,10857.2963,0.2048,0.0102,202.5596,0.3091,18.7023,7.1126,109.905,70.3921,0.2157,27.2394,9.7086,15.2712,50.7751,0.0325,0.0099
koniq_234944177_noise_0.jpg,noise,172.9338,55.7872,12353.539,0.0225,0.2629,94.6204,0.3247,20.0453,7.6397,116.2877,75.982,0.2529,28.6154,9.9948,34.2956,114.4281,0.0871,0.0095
koniq_2362202039_noise_0.jpg,noise,142.3768,29.9372,6407.6911,0.0101,0.0103,124.6751,0.1952,14.4148,6.8012,85.2133,63.0691,0.084,21.058,9.2568,5.5243,18.2271,0.0026,0.0097
koniq_2444937456_noise_0.jpg,noise,181.7702,41.7698,12231.2755,0.0051,0.2229,103.1945,0.3627,20.4277,7.3065,143.9097,82.2806,0.4117,31.4829,6.3353,18.6787,73.2318,0.042,0.0098
koniq_2517718928_noise_0.jpg,noise,72.9303,56.7302,7706.5609,0.3729,0.0122,79.3127,0.2618,16.1993,7.5187,102.9603,74.5986,0.1804,26.0357,10.3433,33.7136,106.7576,0.1142,0.0123
koniq_2578890441_noise_0.jpg,noise,111.0604,64.8257,7485.48,0.1237,0.1067,130.7503,0.2622,16.109,7.8397,123.1291,104.7117,0.2545,32.2495,15.2109,39.2155,136.3971,0.0689,0.0128
koniq_2785267250_noise_0.jpg,noise,154.2204,90.2522,8712.9632,0.1735,0.4278,77.6798,0.2271,16.8406,7.5416,99.154,78.4331,0.1671,26.4881,15.2787,72.959,203.4139,0.3225,0.0154
koniq_2808286292_noise_0.jpg,noise,123.4797,80.0666,11871.1456,0.1759,0.2159,93.6573,0.2808,20.3117,7.8915,144.6134,124.138,0.3407,37.825,18.1761,49.7827,148.7161,0.1789,0.0141
koniq_2818844013_noise_0.jpg,noise,164.2506,81.6873,8621.5789,0.1097,0.4241,60.1925,0.236,17.5698,7.6314,137.1884,130.7673,0.2985,37.1774,20.0741,60.1165,173.0353,0.2647,0.015
koniq_2839494557_noise_0.jpg,noise,118.8557,39.8307,9600.0029,0.042,0.0046,142.9139,0.332,17.9432,7.3283,114.8448,68.8062,0.2502,26.7359,6.414,16.0918,65.4873,0.0087,0.0093
koniq_2937190977_noise_0.jpg,noise,118.9152,83.7736,11801.0492,0.28,0.155,97.8209,0.268,20.535,7.8444,139.3295,130.418,0.2911,34.168,17.4359,63.1488,191.2244,0.1842,0.0157
koniq_2939787669_noise_0.jpg,noise,111.9154,81.0414,6530.3361,0.2419,0.1946,78.5577,0.222,15.3178,7.7731,132.7603,124.6107,0.2936,36.3102,18.5734,52.674,163.7873,0.1925,0.0145
koniq_2941933060_noise_0.jpg,noise,163.3751,67.5295,11340.9613,0.0435,0.3246,121.3909,0.2726,19.5396,7.6907,121.2648,88.9721,0.2847,28.8068,12.5745,47.6486,150.9151,0.1941,0.0119
koniq_2964711556_noise_0.jpg,noise,159.824,76.269,11815.0284,0.0909,0.3347,86.5343,0.2994,19.7692,7.7425,130.855,112.0449,0.2761,36.9219,18.7841,34.5165,127.0365,0.132,0.0116
koniq_2990464677_noise_0.jpg,noise,125.7644,92.8684,3667.1469,0.2805,0.3078,131.3653,0.1166,11.0316,7.6796,76.6849,76.1713,0.0982,23.5431,17.2278,67.7904,219.2449,0.2952,0.0133
koniq_3026852045_noise_0.jpg,noise,27.5474,45.1814,10187.2428,0.8404,0.0135,152.906,0.1295,19.4072,5.9072,118.696,153.5454,0.2205,29.9959,19.771,6.7256,23.2821,0.5948,0.0256
koniq_3073970642_noise_0.jpg,noise,68.9983,52.8779,3185.9423,0.3951,0.0202,192.2889,0.0526,10.3743,7.3828,70.7618,81.8923,0.0603,19.0389,15.6279,37.1719,118.4945,0.1324,0.0117
koniq_313424539_noise_0.jpg,noise,65.5742,42.8962,8578.0823,0.2968,0.0092,117.7582,0.2891,17.0325,7.2504,117.3298,94.8045,0.2282,28.9904,12.9731,13.6753,47.5388,0.0688,0.0108
koniq_318700026_noise_0.jpg,noise,109.6333,55.2896,8467.9162,0.1131,0.059,142.9216,0.2554,16.6493,7.7075,102.4675,77.5021,0.1699,25.8245,10.9773,31.0664,147.8151,0.0457,0.0133
koniq_3253636665_noise_0.jpg,noise,142.9196,68.6008,10257.3521,0.1426,0.1032,88.7816,0.2416,19.4126,7.7436,135.4542,124.1401,0.2862,32.885,16.8542,43.5706,129.2785,0.0545,0.0174
koniq_3255665645_noise_0.jpg,noise,174.2518,55.747,6319.3359,0.008,0.2899,108.4479,0.214,14.968,7.6171,100.2121,84.9089,0.1735,24.1694,10.763,39.7874,118.0186,0.1301,0.0133
koniq_3315237185_noise_0.jpg,noise,130.8993,63.574,3555.3451,0.1161,0.0197,154.8737,0.1403,11.3459,7.679,85.4844,81.0511,0.1429,22.4454,13.8502,46.1249,146.109,0.0378,0.0159
koniq_3320115265_noise_0.jpg,noise,162.2398,81.946,28139.7293,0.1223,0.4049,70.8928,0.3203,32.9401,7.664,309.5765,249.8694,0.6085,72.7097,11.7262,19.8077,68.4915,0.2258,0.0125
koniq_3362731032_noise_0.jpg,noise,90.841,54.9403,7138.9198,0.2482,0.0083,192.5871,0.2123,15.2645,7.6229,89.0843,68.7085,0.1073,22.4315,10.161,35.3039,124.3819,0.0878,0.0114
koniq_3367220434_noise_0.jpg,noise,49.4996,50.4165,2249.2503,0.5941,0.0008,183.0824,0.0535,8.8012,6.8477,57.5721,59.3405,0.0556,15.9789,10.1209,36.7932,129.4235,0.3514,0.0129
koniq_3423896683_noise_0.jpg,noise,127.5148,77.1085,7030.4507,0.1623,0.1898,141.1739,0.2407,17.0995,7.9561,162.7014,158.741,0.3647,46.3295,19.2327,27.7506,86.5012,0.1211,0.0176
koniq_3463146453_noise_0.jpg,noise,180.1092,87.7786,6882.7556,0.1368,0.5957,46.4785,0.154,15.2274,7.019,100.5833,113.4029,0.1468,29.8208,23.4724,54.4707,173.6669,0.4142,0.0169
koniq_3662997757_noise_0.jpg,noise,109.7258,90.8808,5941.6271,0.351,0.2538,82.5155,0.1723,14.1694,7.6269,98.1566,92.7426,0.1564,27.0298,17.1907,76.0728,211.9391,0.2456,0.0133
koniq_3773463532_noise_0.jpg,noise,115.7839,59.3647,10952.1491,0.0698,0.076,87.9565,0.3268,19.1515,7.7813,123.4156,83.8989,0.2792,29.7352,10.6881,30.9155,106.5374,0.0271,0.0113
koniq_3815098207_noise_0.jpg,noise,81.0809,56.9064,7467.3662,0.2422,0.0302,136.4829,0.2336,15.9186,7.5162,107.11,84.7312,0.1974,27.3255,13.3381,31.6177,106.7838,0.0423,0.0141
koniq_3921589638_noise_0.jpg,noise,103.5428,71.8213,4557.272,0.3184,0.0271,143.655,0.1597,12.4292,7.6737,90.1221,83.3871,0.1267,27.7423,16.4379,41.6815,142.8869,0.1468,0.0102
koniq_3948135332_noise_0.jpg,noise,138.0462,45.5035,6293.7658,0.0326,0.0175,117.79,0.3097,14.4984,7.4766,104.6905,63.0828,0.1975,26.5474,8.9557,18.2669,62.691,0.0085,0.0095
koniq_3961459513_noise_0.jpg,noise,168.1694,49.1069,8057.2014,0.026,0.1333,91.4369,0.321,16.4499,7.4465,115.835,81.1743,0.24,29.0355,11.5261,11.596,52.672,0.0253,0.0096
koniq_411025625_noise_0.jpg,noise,138.2408,88.4568,8704.0197,0.2095,0.3169,61.3384,0.2733,16.7448,7.667,99.3966,66.9536,0.1586,26.331,13.8536,66.0752,170.4875,0.163,0.0106
koniq_4185039279_noise_0.jpg,noise,157.6957,79.1569,13433.3569,0.1208,0.3384,57.0635,0.3198,21.2903,7.7676,149.737,122.3267,0.3498,38.4348,18.6344,52.2077,169.6483,0.158,0.0123
koniq_4194428227_noise_0.jpg,noise,86.3129,55.5749,3386.9394,0.2662,0.0096,137.6791,0.1563,10.9517,7.6562,80.8451,73.8064,0.1101,22.5933,12.2824,29.546,93.3986,0.0759,0.0139
koniq_4228738752_noise_0.jpg,noise,59.1842,57.0095,4365.3806,0.5246,0.0167,183.8595,0.113,11.8695,7.2137,72.2383,56.4592,0.0593,19.7336,11.6521,31.9321,90.2814,0.1772,0.0123
koniq_4237536969_noise_0.jpg,noise,118.1211,28.7683,5945.1543,0.0106,0.0011,138.7819,0.1824,13.9975,6.8663,82.7977,55.2099,0.0858,19.8148,7.0101,13.288,49.3618,0.0019,0.01
koniq_4251971063_noise_0.jpg,noise,131.9262,39.1666,15529.4703,0.0431,0.0043,142.9843,0.3417,22.3574,7.1918,124.1074,70.719,0.3082,29.2536,6.1068,13.5766,50.3472,0.017,0.0083
koniq_4281731487_noise_0.jpg,noise,122.7369,64.3835,11482.1173,0.08,0.1204,150.1959,0.3283,19.2985,7.8674,121.6634,74.6642,0.2909,31.9614,9.2412,37.1951,124.5584,0.0564,0.0097
koniq_4305975001_noise_0.jpg,noise,129.2205,84.3493,12434.0561,0.2044,0.2379,112.2236,0.3024,20.5031,7.8566,138.2809,126.7611,0.293,39.4492,21.5401,46.7514,157.8381,0.1554,0.0125
koniq_432860543_noise_0.jpg,noise,170.6697,62.4009,7691.495,0.0393,0.3159,59.5267,0.1713,17.4174,7.7002,124.6307,142.1788,0.2256,34.0688,22.2411,28.0841,98.6544,0.1374,0.0199
koniq_4344642946_noise_0.jpg,noise,188.448,79.0244,6291.2016,0.07,0.6158,41.3845,0.1424,14.6297,6.9953,96.4613,106.034,0.1471,27.0663,20.6374,45.4471,167.7299,0.3968,0.0172
koniq_4495630749_noise_0.jpg,noise,83.4384,58.4004,11674.111,0.2799,0.0294,150.1901,0.309,20.0998,7.673,137.7973,107.5022,0.3254,34.3268,13.2668,23.0267,74.6038,0.0865,0.0122
koniq_4524766514_noise_0.jpg,noise,131.7052,56.6535,17613.4211,0.1097,0.0265,91.1698,0.3412,24.4842,7.6385,168.1984,136.923,0.4123,41.9711,16.7779,19.0316,58.3788,0.0427,0.0111
koniq_4563172093_noise_0.jpg,noise,102.2616,54.0182,7158.5725,0.1406,0.0161,139.6199,0.2821,16.0166,7.7264,122.9629,93.3058,0.278,31.9993,12.47,27.531,84.4709,0.0456,0.019
koniq_4619633197_noise_0.jpg,noise,154.1091,95.7578,2525.555,0.2537,0.4645,39.9282,0.0435,9.4791,7.3105,63.1783,88.4965,0.0628,19.8271,20.195,66.5543,186.3965,0.3555,0.0147
koniq_4710464067_noise_0.jpg,noise,192.8252,36.4524,12309.8239,0.0002,0.3106,106.3015,0.338,19.9829,7.111,118.7358,68.4625,0.2785,29.6229,6.0854,5.882,20.4373,0.0686,0.0096
koniq_4881913692_noise_0.jpg,noise,65.5803,48.0006,6122.899,0.3072,0.0037,182.9063,0.1131,14.2058,6.7984,84.356,82.2239,0.1073,21.5128,14.0857,29.5405,95.1785,0.026,0.0183
koniq_4992884384_noise_0.jpg,noise,141.4694,44.0563,13915.5158,0.0246,0.0396,94.9135,0.336,21.2823,7.4625,124.361,81.0213,0.2892,30.0664,8.8161,19.9057,80.2628,0.0107,0.0088
koniq_5079448176_noise_0.jpg,noise,165.3962,30.4206,14809.8878,0.0038,0.0369,102.705,0.3419,21.7599,6.9246,118.5612,63.6135,0.2818,27.4796,3.7579,8.0024,28.7805,0.002,0.0078
koniq_5095300668_noise_0.jpg,noise,201.2928,62.6445,3237.7839,0.0014,0.6352,83.849,0.1225,10.6458,6.5048,75.3121,85.5122,0.1259,21.0657,15.7905,34.3674,107.347,0.4898,0.0183
koniq_5097068931_noise_0.jpg,noise,138.6316,21.1564,3597.4761,0.0015,0.0094,147.3663,0.091,10.9198,6.2927,66.5064,43.6219,0.0311,15.376,5.4419,8.8868,38.7984,0.002,0.0096
koniq_5175429795_noise_0.jpg,noise,120.0117,70.6885,6696.3636,0.1413,0.138,103.9101,0.2155,15.2316,7.9264,104.2884,89.8548,0.1793,26.8146,13.7123,52.4568,174.051,0.0711,0.0125
koniq_5195185160_noise_0.jpg,noise,78.1601,69.1613,3983.2324,0.4047,0.0654,110.617,0.1397,11.8489,7.6266,100.1582,113.7767,0.1703,31.175,20.6661,40.0822,164.4473,0.1858,0.0139
koniq_5241841036_noise_0.jpg,noise,104.0957,73.8142,7303.2465,0.3248,0.0258,104.3971,0.2111,15.7339,7.5907,105.9374,104.6097,0.1737,29.2133,18.4574,53.1934,155.2404,0.1829,0.0129
koniq_5310130081_noise_0.jpg,noise,139.5918,68.2839,10363.8967,0.0617,0.1723,98.7738,0.3,18.437,7.894,115.0349,81.9773,0.2388,30.765,13.8064,37.0538,128.7707,0.0601,0.0104
koniq_5365003071_noise_0.jpg,noise,125.1383,86.2186,2486.3592,0.3045,0.1704,157.0886,0.0485,9.3692,7.5346,67.5329,85.8513,0.0634,20.9764,18.3576,58.563,158.5797,0.1246,0.0126
koniq_5419962760_noise_0.jpg,noise,194.094,84.0404,1832.1922,0.0763,0.6914,61.2111,0.0352,7.7793,6.3255,48.3864,58.6874,0.0366,14.9376,16.2964,62.8255,195.2792,0.5723,0.0175
koniq_5454884110_noise_0.jpg,noise,181.3316,58.8324,9001.6185,0.0199,0.3728,101.8672,0.2492,17.2691,7.5124,115.4762,90.4187,0.2528,31.4978,14.3655,30.4818,97.1383,0.2098,0.0128
koniq_5460394455_noise_0.jpg,noise,81.052,50.6904,8802.7449,0.2172,0.0125,172.9259,0.2774,17.3565,7.5372,125.7832,99.052,0.2758,32.0801,12.3968,21.7855,84.5225,0.0481,0.0124
koniq_5470588240_noise_0.jpg,noise,174.0017,70.8493,12246.1639,0.0683,0.3948,58.4214,0.3107,20.1461,7.638,137.188,107.9102,0.3182,36.0943,17.2335,28.7603,95.6175,0.1681,0.0124
koniq_5511925995_noise_0.jpg,noise,137.7409,49.8711,3273.6636,0.0275,0.0598,115.5832,0.1511,10.4715,7.6617,82.9707,63.3022,0.109,23.5805,11.7413,26.1394,105.0226,0.0184,0.0102
koniq_5543296873_noise_0.jpg,noise,57.8831,52.9729,3815.6288,0.4778,0.0225,195.6799,0.0969,11.2258,7.2193,74.0691,70.4266,0.0876,21.2953,14.2609,28.3499,82.5371,0.1653,0.0158
koniq_5564570846_noise_0.jpg,noise,137.2874,22.0326,3571.5933,0.0141,0.0011,142.2731,0.0298,10.8245,6.0902,63.9741,61.2307,0.0304,15.8441,10.3431,6.3604,24.3776,0.0087,0.0096
koniq_5621947330_noise_0.jpg,noise,69.0907,57.3966,3973.6709,0.3818,0.0416,90.4904,0.1585,11.6987,7.4204,84.8236,77.5345,0.0966,22.0908,13.8752,26.4347,100.0487,0.1199,0.0118
koniq_5677116051_noise_0.jpg,noise,84.263,53.0251,10357.9723,0.1933,0.0294,99.6621,0.2517,19.2897,7.5679,133.3635,125.5682,0.286,33.1837,18.6818,20.6346,75.2266,0.0723,0.0223
koniq_5796747370_noise_0.jpg,noise,152.4455,65.8649,10025.3596,0.0692,0.1811,148.7118,0.3214,18.6436,7.7435,134.7384,96.605,0.3308,31.7859,12.3415,44.4183,124.9054,0.0249,0.0124
koniq_5856265647_noise_0.jpg,noise,160.4054,83.119,7896.4769,0.1333,0.3923,70.4286,0.2227,16.6732,7.6685,123.4313,131.0334,0.2285,39.0779,24.0573,33.2569,96.8221,0.2258,0.014
koniq_5906952351_noise_0.jpg,noise,119.8914,70.8925,12394.3357,0.2082,0.0812,86.456,0.3058,20.4154,7.8921,150.912,124.8043,0.3546,41.5492,18.4471,34.5777,106.7244,0.1079,0.0145
koniq_5914848066_noise_0.jpg,noise,193.5537,51.9032,8145.7509,0.0271,0.4165,50.4623,0.2621,16.2385,7.2881,98.4198,67.8137,0.1562,26.1603,12.2089,29.1453,111.9755,0.1417,0.0104
koniq_5936297940_noise_0.jpg,noise,59.3693,46.4599,3259.6217,0.3267,0.0201,166.6968,0.0563,10.7674,6.8318,74.1113,99.3648,0.0732,21.2611,19.2147,17.1798,73.471,0.0665,0.0147
koniq_5943227958_noise_0.jpg,noise,77.9984,35.6543,3545.0624,0.0873,0.0066,176.7977,0.0747,10.7008,6.9979,65.0559,42.5247,0.0359,16.8327,7.5955,19.4452,69.3657,0.0032,0.0091
koniq_5951267818_noise_0.jpg,noise,150.8626,67.3019,14566.8415,0.1009,0.1622,58.402,0.3419,22.3493,7.8086,165.2444,129.1867,0.4172,42.192,16.8811,30.8469,86.0971,0.0634,0.0101
koniq_5971762123_noise_0.jpg,noise,184.0363,42.4557,5164.2459,0.0165,0.2072,21.9347,0.2494,13.4073,7.1452,101.7924,75.3929,0.179,25.9524,10.4969,14.4366,42.3095,0.0241,0.0104
koniq_6010335101_noise_0.jpg,noise,94.431,47.3623,5241.7559,0.0131,0.067,176.1024,0.149,13.5573,6.7703,90.6199,88.3109,0.1438,22.0122,13.9549,21.9421,65.5218,0.0341,0.0163
koniq_6059676315_noise_0.jpg,noise,138.5945,53.3896,15847.8288,0.044,0.0733,94.0391,0.3509,22.7105,7.7405,140.9084,88.528,0.3799,35.4493,10.6883,24.4001,93.7384,0.0298,0.0088
koniq_6061284714_noise_0.jpg,noise,123.8725,75.0832,9003.244,0.1913,0.1482,124.923,0.2786,17.226,7.9777,116.5907,91.4697,0.2366,33.97,16.9407,32.3616,135.6642,0.1234,0.011
koniq_6118760299_noise_0.jpg,noise,93.644,46.5273,5839.8062,0.088,0.0082,141.8449,0.2036,13.8455,7.4313,92.6642,72.1826,0.1258,25.0298,12.3041,23.6881,84.1227,0.01,0.0094
koniq_6185806763_noise_0.jpg,noise,149.058,29.5227,6082.3582,0.0016,0.0068,150.8126,0.1867,14.0551,6.9122,81.3828,52.6423,0.0755,19.3581,5.7425,9.1737,32.4379,0.0004,0.0095
koniq_6191653562_noise_0.jpg,noise,109.8133,40.5796,5616.6923,0.0615,0.0014,147.5877,0.2852,15.0525,7.3534,133.2059,104.3275,0.3251,31.1404,10.3704,8.0482,29.3382,0.0188,0.0121
koniq_6216628901_noise_0.jpg,noise,169.2568,48.6527,3909.8423,0.0168,0.1131,113.5096,0.1096,11.36,7.379,72.1713,50.7405,0.0642,19.7262,10.1224,28.7908,97.7712,0.0261,0.0104
koniq_6230011878_noise_0.jpg,noise,69.1329,26.9454,6714.8688,0.1295,0.0016,203.2407,0.1966,14.7779,6.7281,83.9947,56.6104,0.0854,19.5993,6.3192,13.1586,47.7283,0.0112,0.0102
koniq_6256829619_noise_0.jpg,noise,163.098,93.0571,6621.0506,0.1559,0.5288,42.2078,0.1432,15.1766,7.1265,97.4657,111.3314,0.1455,25.8086,19.8881,64.8993,196.2262,0.3877,0.0169
koniq_6307302399_noise_0.jpg,noise,93.0907,61.8357,14230.1375,0.2152,0.0544,130.6602,0.3183,22.1474,7.7364,155.7573,126.9313,0.3826,40.2276,17.2985,18.6865,81.9308,0.0499,0.0113
koniq_6343064519_noise_0.jpg,noise,202.7772,33.1768,9451.069,0.0001,0.4024,29.4405,0.2881,17.4094,6.9333,97.101,54.565,0.1554,23.0645,4.707,18.5921,73.2244,0.104,0.0096
koniq_6344902938_noise_0.jpg,noise,110.1033,78.5265,8650.165,0.2551,0.1308,68.0475,0.2823,17.0609,7.8498,110.895,83.5002,0.2099,27.7619,12.4108,61.5258,185.2661,0.1064,0.0119
koniq_6346994570_noise_0.jpg,noise,103.2711,33.924,17356.5944,0.0295,0.006,135.5052,0.3477,23.6024,7.0985,130.5976,72.0213,0.3486,30.9552,5.4123,1.6014,7.2882,0.0089,0.0085
koniq_6608109869_noise_0.jpg,noise,68.1392,48.9033,5519.5056,0.3334,0.0065,160.194,0.2182,13.532,7.3274,94.5015,69.4559,0.1524,23.707,10.1439,23.3069,87.013,0.0624,0.0123
koniq_6729759239_noise_0.jpg,noise,103.658,49.1816,7843.8561,0.0734,0.0263,109.6681,0.3049,16.1799,7.5952,108.2368,74.1532,0.2043,26.8543,9.9329,24.7594,81.4741,0.0169,0.0101
koniq_6757989209_noise_0.jpg,noise,140.9443,70.8042,8772.1885,0.0955,0.2018,125.4618,0.2659,16.837,7.9363,103.4192,79.3828,0.1735,29.4281,15.2399,30.962,96.3217,0.0898,0.0107
koniq_6787512667_noise_0.jpg,noise,169.3471,69.5509,4675.7213,0.06,0.3158,57.336,0.1734,12.6236,7.6825,92.2701,91.5438,0.1328,27.7721,17.2507,44.2425,136.9744,0.1945,0.0124
koniq_6829189111_noise_0.jpg,noise,192.3147,20.823,4566.7229,0.0029,0.0909,17.3445,0.0994,12.1335,6.1881,69.006,45.2893,0.0286,16.3512,5.9615,6.5033,23.985,0.0027,0.009
koniq_6845848072_noise_0.jpg,noise,102.4973,60.9822,14996.8544,0.219,0.0156,132.2521,0.3399,22.2873,7.7481,139.387,97.4672,0.3513,33.8444,12.1367,37.4336,117.1491,0.0808,0.0104
koniq_6862989864_noise_0.jpg,noise,106.6254,67.7929,16950.2948,0.1959,0.0814,114.4924,0.3444,24.3722,7.9172,193.8588,147.8259,0.5038,50.1453,15.2109,16.2417,59.1353,0.086,0.0121
koniq_6870048801_noise_0.jpg,noise,174.254,57.3449,7225.236,0.0212,0.289,45.273,0.2289,16.2241,7.5215,116.7662,108.0615,0.2129,28.0616,13.9953,42.1461,113.3693,0.0459,0.0127
koniq_6897314758_noise_0.jpg,noise,110.1885,57.1664,7814.7625,0.103,0.0375,101.4879,0.2956,16.557,7.7631,121.643,96.1064,0.2505,30.6191,12.422,36.5245,117.4494,0.0275,0.0105
koniq_6900924910_noise_0.jpg,noise,139.1612,84.9223,5550.413,0.1404,0.3167,87.8719,0.2058,14.8022,7.6646,132.7661,140.4676,0.3011,36.4597,21.3984,57.1483,191.5223,0.2681,0.0188
koniq_6915781600_noise_0.jpg,noise,179.8858,55.6624,10082.8735,0.0107,0.3531,88.6517,0.2826,18.4686,7.5509,127.8457,96.4578,0.2977,31.6142,12.8312,31.9479,97.8095,0.1452,0.0129
koniq_6965249888_noise_0.jpg,noise,148.3841,62.6879,3400.6645,0.0307,0.2023,127.5756,0.0707,11.2845,7.7874,80.6594,98.7764,0.0969,22.6639,15.7322,40.8447,155.2155,0.0489,0.0122
koniq_7005136305_noise_0.jpg,noise,98.6354,78.8412,3939.8346,0.354,0.0915,125.8398,0.1536,12.0033,7.766,102.9517,115.1504,0.1757,30.4134,20.2694,42.0765,133.7763,0.168,0.0141
koniq_7029108053_noise_0.jpg,noise,176.8526,32.4387,7441.9557,0.0043,0.0961,69.4705,0.2446,15.5038,6.9658,88.8116,53.6137,0.1056,21.1965,5.1456,16.6208,60.6975,0.007,0.0088
koniq_7108939139_noise_0.jpg,noise,97.4112,44.4087,3563.7879,0.0916,0.0072,120.205,0.148,11.1108,7.4532,83.2258,75.6684,0.1201,23.6204,11.4715,20.3358,79.8656,0.018,0.0129
koniq_7154088130_noise_0.jpg,noise,170.8952,55.0706,11909.0374,0.0568,0.1683,127.4424,0.3275,19.8037,7.3763,121.5215,83.158,0.2693,28.9489,11.4331,28.5284,107.9229,0.028,0.0099
koniq_7163375274_noise_0.jpg,noise,185.629,82.0973,2237.7971,0.0742,0.5744,19.4758,0.0381,8.7311,6.8503,56.067,78.0739,0.0407,18.1585,19.9171,54.1375,190.2327,0.4453,0.0152
koniq_7215678842_noise_0.jpg,noise,102.226,47.2716,16897.7848,0.0834,0.0182,136.7645,0.3535,23.4491,7.5649,136.0758,79.2711,0.3679,31.6349,6.4876,20.519,67.8642,0.0169,0.0088
koniq_7255289130_noise_0.jpg,noise,107.7027,70.2848,15409.9524,0.1784,0.1299,71.5304,0.3183,23.2456,7.8404,174.1547,144.4801,0.4377,45.698,19.4834,21.6476,67.8743,0.133,0.012
koniq_7283094026_noise_0.jpg,noise,140.3135,69.983,8925.734,0.1217,0.1293,100.7589,0.2431,18.2183,7.8455,137.6982,133.178,0.2768,33.8541,18.0063,48.3964,143.8049,0.0568,0.0167
koniq_7329465526_noise_0.jpg,noise,129.0192,76.8865,14960.517,0.1674,0.1799,103.2144,0.3263,22.9939,7.9719,152.4317,127.7131,0.3581,36.3058,15.7858,48.8048,142.5052,0.1215,0.0128
koniq_7365538478_noise_0.jpg,noise,189.2715,75.7732,6530.7624,0.0858,0.583,38.6901,0.1693,14.7087,7.1064,88.9317,88.5436,0.0962,23.6762,16.8784,56.533,158.4877,0.2843,0.0131
koniq_7380460592_noise_0.jpg,noise,72.8806,21.3169,3323.5879,0.0384,0.002,78.6033,0.0734,10.4851,6.3526,63.7309,42.3078,0.0314,14.9449,5.3103,10.2542,33.3323,0.001,0.0092
koniq_7608025600_noise_0.jpg,noise,75.4078,80.8083,4326.3837,0.5278,0.1003,119.0931,0.1338,13.0528,7.2397,115.3664,156.4596,0.2104,37.9234,27.907,33.7832,118.7727,0.4072,0.0196
koniq_7734376776_noise_0.jpg,noise,170.4387,66.4953,16966.1507,0.0773,0.2724,33.7234,0.3064,26.1191,7.5616,211.9041,200.0656,0.4444,51.8274,22.7634,15.1603,54.3635,0.0783,0.015
koniq_7744803492_noise_0.jpg,noise,88.519,60.3129,8623.5548,0.2562,0.0323,135.5356,0.2865,17.3094,7.7422,130.7917,110.8512,0.2826,34.9278,15.1015,26.896,104.6012,0.089,0.0111
koniq_7751952772_noise_0.jpg,noise,133.1279,85.3197,11881.5825,0.1884,0.2737,78.5818,0.3099,19.7108,7.8323,119.3922,84.3403,0.2653,30.1371,12.6444,68.4385,190.6556,0.1757,0.0115
koniq_7819353184_noise_0.jpg,noise,162.99,65.1292,8576.2997,0.0479,0.2749,80.5436,0.2717,16.8811,7.7707,113.7185,90.7464,0.2112,30.332,14.1643,41.3817,139.8729,0.085,0.0102
koniq_7914714726_noise_0.jpg,noise,114.3712,67.3829,10257.4494,0.1636,0.0925,184.845,0.3197,18.8092,7.9412,152.3542,113.0309,0.3944,41.9598,14.7276,23.8361,77.4653,0.0746,0.0114
koniq_7937116986_noise_0.jpg,noise,65.8965,46.6265,3311.0885,0.3254,0.0102,127.595,0.1528,11.1863,7.3263,92.0789,93.5573,0.1599,24.8601,14.9616,22.4596,87.0043,0.086,0.0146
koniq_8035433785_noise_0.jpg,noise,88.3967,74.8305,6737.9599,0.374,0.0633,142.6944,0.1917,15.6129,7.6456,107.0952,113.2404,0.1859,29.9596,19.6807,23.62,99.1655,0.2311,0.0152
koniq_8086991348_noise_0.jpg,noise,89.3184,61.6852,10328.6413,0.2796,0.0194,80.5516,0.3032,18.3152,7.7387,112.5356,74.043,0.2346,28.5593,11.1194,44.0235,154.8324,0.1051,0.0102
koniq_8096129179_noise_0.jpg,noise,114.8121,71.5552,4135.6333,0.2224,0.0741,138.5755,0.1526,11.6741,7.8722,76.1449,51.9368,0.0824,18.4765,7.2682,63.8628,192.1925,0.106,0.0114
koniq_8113498731_noise_0.jpg,noise,116.9526,87.1442,6642.036,0.2425,0.2429,56.0914,0.1934,15.7354,7.718,127.3414,140.5293,0.2578,33.6008,20.4778,69.9196,225.3743,0.2737,0.0185
koniq_8191059336_noise_0.jpg,noise,109.9059,67.6577,18066.6717,0.1874,0.0756,179.5006,0.3598,25.0887,7.9036,187.5924,126.7268,0.5336,44.1569,11.8357,33.8528,120.4426,0.0739,0.0115
koniq_8201445603_noise_0.jpg,noise,30.796,40.8895,4312.3586,0.7833,0.0062,154.347,0.1075,12.0451,6.2741,75.8552,78.8277,0.0855,20.4287,15.088,17.2813,48.8461,0.462,0.016
koniq_8233745351_noise_0.jpg,noise,101.0855,86.0989,6084.7013,0.3324,0.2065,76.9429,0.1621,15.0041,7.5757,111.932,128.2265,0.1896,31.6112,21.4149,52.3702,205.651,0.2039,0.0163
koniq_8242266673_noise_0.jpg,noise,39.0254,54.2084,2328.7068,0.7165,0.006,165.8268,0.0591,8.8013,6.4165,54.5836,57.9946,0.0453,15.6581,13.7079,32.022,92.2143,0.5121,0.0171
koniq_8274584258_noise_0.jpg,noise,195.9667,86.6768,4226.9192,0.1379,0.7367,34.6579,0.064,11.9865,6.2815,71.9735,101.8031,0.0562,19.8092,20.6649,59.8726,167.7314,0.5453,0.0178
koniq_8333683532_noise_0.jpg,noise,198.527,49.3722,2995.7673,0.0096,0.4754,42.0776,0.088,10.3116,7.2312,73.8784,86.8891,0.0795,20.8386,16.8648,26.1867,89.951,0.2088,0.0137
koniq_8401416435_noise_0.jpg,noise,102.8441,41.486,9199.8355,0.058,0.0138,111.2118,0.295,17.6778,7.3784,118.0756,85.7399,0.2482,27.0153,10.1977,23.0924,82.0367,0.0128,0.0115
koniq_8421980802_noise_0.jpg,noise,191.6274,51.4681,6749.638,0.0218,0.4105,28.5193,0.156,15.6061,7.3088,100.7508,103.7941,0.152,24.8166,15.6249,34.0276,105.1094,0.1125,0.0165
koniq_8441623412_noise_0.jpg,noise,165.7266,39.5502,13451.8211,0.0044,0.0944,132.4626,0.3628,21.1837,7.3103,144.4129,85.3795,0.4039,32.6707,6.3671,12.7143,44.6419,0.0112,0.0088
koniq_8450836581_noise_0.jpg,noise,142.5256,40.1635,6234.3289,0.0057,0.0448,111.4681,0.2232,14.1477,7.3538,83.416,49.1208,0.0842,21.0967,6.3654,18.287,64.5306,0.0133,0.0092
koniq_8493065081_noise_0.jpg,noise,132.8413,51.8301,9352.5521,0.0428,0.0542,70.9972,0.3018,17.7879,7.7112,129.6457,115.4494,0.2583,34.4032,17.4505,19.4284,83.8455,0.0275,0.0108
koniq_8532727626_noise_0.jpg,noise,96.6175,69.9061,7339.0235,0.332,0.0115,122.3702,0.2243,15.7533,7.5982,111.3354,100.7799,0.2031,29.7114,16.0398,48.0755,147.5236,0.1673,0.0132
koniq_8546536299_noise_0.jpg,noise,179.416,43.4197,8590.0119,0.0054,0.1957,63.1023,0.2946,16.6513,7.3272,101.7343,64.1858,0.1734,25.8794,8.6316,16.9788,61.1938,0.0327,0.0092
koniq_8636811972_noise_0.jpg,noise,60.2765,63.1901,9380.2548,0.544,0.0235,150.234,0.2341,17.4287,7.217,102.9502,79.9396,0.1931,26.7573,13.9362,38.0612,113.8384,0.308,0.0157
koniq_8638507719_noise_0.jpg,noise,88.0491,67.7778,10619.4046,0.2915,0.0747,149.3067,0.3057,20.3024,7.76,170.0334,140.3917,0.4372,39.7307,16.5295,39.9325,159.2868,0.1343,0.0158
koniq_8639811289_noise_0.jpg,noise,147.3892,61.6457,4936.8727,0.0499,0.1656,129.2143,0.1957,13.4704,7.8635,112.8057,107.4259,0.2293,32.5527,14.7542,26.4036,85.8661,0.0596,0.0174
koniq_8645927718_noise_0.jpg,noise,130.3042,66.7353,5493.5467,0.0752,0.1245,126.6388,0.2129,14.2897,7.9014,115.7172,108.4926,0.2466,30.5429,16.4522,28.9924,109.0278,0.0537,0.0165
koniq_8647880189_noise_0.jpg,noise,186.3782,49.8238,10892.9756,0.0097,0.3512,68.7261,0.2925,18.9045,7.4387,114.6423,81.6476,0.2395,27.9725,11.0561,19.3352,74.7844,0.1217,0.0116
koniq_8657980323_noise_0.jpg,noise,143.198,60.8107,11275.5427,0.0584,0.1281,84.5964,0.2794,20.3882,7.8289,144.9388,123.1443,0.3518,34.8919,15.6182,30.2865,107.5948,0.0243,0.0179
koniq_8675742263_noise_0.jpg,noise,146.3938,42.0016,14255.1114,0.0046,0.062,101.7515,0.3625,22.0735,7.4209,162.4265,99.2372,0.4739,37.124,6.578,5.4699,18.6761,0.0102,0.01
koniq_8704133333_noise_0.jpg,noise,83.2485,30.2989,3003.9628,0.0635,0.0017,206.6005,0.0734,10.1006,6.8203,68.1999,63.5572,0.0753,17.1217,10.0946,15.6853,61.7682,0.0209,0.0121
koniq_8707214366_noise_0.jpg,noise,139.6645,49.4186,8890.1417,0.0448,0.0425,87.2056,0.2847,17.5906,7.6088,115.1201,97.7832,0.205,28.87,14.8057,23.6196,74.049,0.0257,0.0109
koniq_8715753944_noise_0.jpg,noise,159.5441,76.7895,11021.9505,0.0674,0.3847,65.5714,0.2759,19.3668,7.6671,125.1247,98.4392,0.2814,30.4638,14.3273,61.9826,163.7808,0.215,0.0132
koniq_8716882404_noise_0.jpg,noise,138.2994,90.3064,24518.1325,0.2523,0.3032,65.8781,0.3232,30.0553,7.7248,274.4307,224.7909,0.5887,70.3278,20.6433,23.7192,100.3116,0.2653,0.0143
koniq_8728715575_noise_0.jpg,noise,95.1813,53.1728,13788.8449,0.1582,0.0218,122.5447,0.3584,21.8693,7.6898,160.8459,102.0958,0.4593,37.831,8.8181,14.9894,49.87,0.048,0.0102
koniq_8774523686_noise_0.jpg,noise,39.758,30.0904,8089.1035,0.5854,0.0005,175.5843,0.2538,16.1867,6.5939,93.1711,63.0497,0.1253,22.5427,8.6144,10.0628,39.4651,0.1801,0.0115
koniq_8841313273_noise_0.jpg,noise,86.393,63.8816,5896.1553,0.308,0.0317,135.0278,0.1915,14.4222,7.7372,107.2042,109.1659,0.1871,29.4693,17.5816,37.3266,147.2109,0.1177,0.0146
koniq_8909034593_noise_0.jpg,noise,50.9309,40.4097,4314.5392,0.481,0.0035,174.7583,0.1749,12.4799,7.0221,106.9643,110.1963,0.1857,28.9583,14.9316,8.7171,33.5589,0.1471,0.0153
koniq_8911411937_noise_0.jpg,noise,86.6892,56.6038,14692.9784,0.2205,0.04,154.9663,0.3495,23.1369,7.6653,178.087,127.7851,0.4963,41.2015,13.3745,10.2767,33.2597,0.0839,0.0134
koniq_8995226934_noise_0.jpg,noise,129.142,32.8323,8405.7824,0.0152,0.0023,172.2243,0.3305,17.0357,7.0417,120.35,76.0079,0.2752,27.0996,7.9204,7.486,25.5778,0.0032,0.0094
koniq_9042624878_noise_0.jpg,noise,116.7027,84.2892,3518.9349,0.2862,0.1796,120.7789,0.1001,11.4491,7.816,93.4359,123.8301,0.142,30.844,24.1927,48.7203,182.499,0.1483,0.0173
koniq_9048453025_noise_0.jpg,noise,110.9269,65.7321,14422.0038,0.1306,0.0952,59.8063,0.3032,24.3022,7.8732,224.4869,178.3872,0.5448,50.9245,13.6782,24.9805,88.8425,0.0715,0.0162
koniq_9054377711_noise_0.jpg,noise,115.5529,83.8685,13874.3965,0.2414,0.2145,86.5397,0.3092,21.888,7.8329,149.8599,121.3136,0.3629,37.3018,16.2869,57.7336,177.5966,0.1947,0.0145
koniq_9159337218_noise_0.jpg,noise,127.4989,30.2257,8567.8567,0.0054,0.0044,175.305,0.2834,16.6768,6.9514,97.2825,60.2516,0.1494,22.8615,5.6671,11.2505,37.5943,0.0016,0.0093
koniq_9188509301_noise_0.jpg,noise,94.9275,47.9865,11667.0307,0.1023,0.0163,181.2036,0.3291,19.3869,7.5433,111.396,61.1165,0.2409,27.0337,5.6251,27.6126,93.7986,0.0235,0.0089
koniq_9249272493_noise_0.jpg,noise,64.7341,59.7244,5264.3522,0.4613,0.025,116.3341,0.1745,14.0099,7.4112,108.5246,117.9105,0.2193,28.4648,18.6103,32.3799,108.0893,0.236,0.0206
koniq_9251645143_noise_0.jpg,noise,198.4715,27.7696,6414.326,0.0022,0.2487,20.6354,0.1214,14.7547,6.5797,86.7209,77.5653,0.1083,19.5405,9.9857,9.7027,34.2191,0.019,0.0158
koniq_9255279783_noise_0.jpg,noise,140.8003,64.0959,9342.9856,0.0378,0.1722,112.4881,0.3051,17.3869,7.8222,106.1656,68.5717,0.1982,27.3989,9.382,44.7614,142.0465,0.0636,0.0098
koniq_9256620726_noise_0.jpg,noise,109.3313,60.5669,7061.839,0.1622,0.0348,172.7686,0.1789,15.1693,7.8097,93.0704,88.2139,0.1154,25.6385,14.8428,37.192,118.0105,0.0389,0.0142
koniq_9269537075_noise_0.jpg,noise,159.4789,44.5201,2635.2117,0.0009,0.1507,176.3833,0.0453,9.2037,7.41,57.4955,39.5945,0.0239,16.2001,6.8,27.3546,109.7125,0.0476,0.01
koniq_9379457487_noise_0.jpg,noise,161.9303,34.2638,8633.1032,0.0032,0.0433,124.6158,0.3066,16.7509,7.1012,103.9142,66.2114,0.182,25.3861,8.25,9.4672,36.1814,0.0018,0.0089
koniq_9408208696_noise_0.jpg,noise,122.7438,57.97,6244.1347,0.0061,0.1104,167.92,0.1989,14.4225,7.4178,97.4635,85.8588,0.1382,25.358,14.6729,36.3282,115.4217,0.0392,0.0106
koniq_9408400121_noise_0.jpg,noise,113.1411,53.1239,12352.42,0.0538,0.0576,88.5611,0.347,20.9638,7.671,161.642,116.0042,0.4263,37.0882,10.123,22.9225,83.634,0.0246,0.011
koniq_9438182965_noise_0.jpg,noise,56.5294,63.4886,9120.3907,0.5972,0.021,135.6146,0.1949,17.4793,7.0444,114.9651,106.3524,0.2379,32.1385,19.7981,22.1922,63.2874,0.3634,0.0173
koniq_9442161547_noise_0.jpg,noise,53.0101,47.1179,6712.4661,0.483,0.005,165.2045,0.1914,14.9916,7.1346,96.0653,82.6799,0.1566,24.855,12.742,24.427,96.4424,0.223,0.0146
koniq_9474360756_noise_0.jpg,noise,127.178,46.1496,12451.8796,0.045,0.0221,139.2892,0.33,20.0961,7.5419,116.6352,69.6971,0.2578,28.4614,7.0111,21.704,91.4183,0.0096,0.0088
koniq_9490079439_noise_0.jpg,noise,193.275,55.7938,5473.6149,0.0292,0.4636,75.8335,0.1255,13.9401,7.2166,87.3317,91.1026,0.1118,21.3553,15.144,41.6206,117.1357,0.1308,0.0154
koniq_9522817562_noise_0.jpg,noise,167.4608,58.0685,8763.5854,0.0454,0.1904,146.7947,0.3033,16.9397,7.5679,107.9818,70.3862,0.2063,26.1681,8.6512,44.5225,172.1885,0.0348,0.0096
koniq_9527980922_noise_0.jpg,noise,145.4699,48.844,6718.9664,0.0468,0.0474,108.1938,0.2789,15.424,7.5456,125.385,93.4177,0.2883,31.1144,9.7513,23.9825,83.6375,0.0229,0.0109
koniq_9594906572_noise_0.jpg,noise,104.9231,74.8888,8286.6451,0.2945,0.0562,115.0401,0.2417,17.5555,7.7997,135.5015,136.8393,0.2726,36.6162,21.074,44.1925,153.9727,0.1436,0.0167
koniq_9641836616_noise_0.jpg,noise,174.9179,50.5437,11232.6601,0.029,0.1958,98.5088,0.3326,19.4342,7.4349,133.677,97.3974,0.3169,32.7057,12.0511,21.7137,62.6899,0.0382,0.0106
koniq_9655773082_noise_0.jpg,noise,176.8277,57.7414,3075.0772,0.0896,0.1432,41.251,0.0797,10.2589,6.8727,70.5153,72.0,0.0708,19.5172,15.437,34.1569,111.5824,0.0427,0.0122
koniq_9723836931_noise_0.jpg,noise,69.4311,44.843,5887.7421,0.2626,0.014,161.9583,0.2132,14.5566,7.2648,115.8807,109.8855,0.2325,28.5221,15.0192,19.7062,66.0565,0.1019,0.0142
koniq_9768559232_noise_0.jpg,noise,145.1178,58.1516,18098.2954,0.0443,0.1256,52.2259,0.3694,24.5696,7.8273,174.6495,105.7628,0.5227,41.4998,8.8095,17.7024,65.7476,0.0461,0.0091
koniq_9991999836_noise_0.jpg,noise,138.5191,60.8178,4855.0971,0.107,0.0339,122.8814,0.1393,12.8264,7.6436,86.8636,80.1562,0.1125,23.1956,13.4869,38.6572,146.1134,0.0235,0.0119
original_baby_noise_0.jpg,noise,112.7559,58.88,2984.0663,0.0997,0.0559,103.5169,0.1598,10.1161,7.8072,87.1087,71.8155,0.1351,27.2129,11.8759,39.4852,164.1258,0.0482,0.0134
original_candy_noise_0.jpg,noise,140.7029,63.8566,2139.1157,0.0959,0.0865,152.8714,0.051,8.3093,7.8115,57.9123,45.7826,0.0353,18.5824,11.7234,25.0893,87.2192,0.0374,0.0097
original_desk_noise_0.jpg,noise,96.3767,55.0583,3817.3258,0.1393,0.0249,85.5783,0.1223,11.6568,7.7024,84.8226,79.6377,0.125,20.0469,11.2374,32.7445,115.119,0.0516,0.0119
original_dining_noise_0.jpg,noise,162.2779,61.8564,12781.5512,0.0487,0.2171,61.5389,0.3253,20.422,7.7735,122.6275,81.9656,0.2797,30.46,11.2811,32.2472,110.6163,0.0702,0.0097
original_forest_noise_0.jpg,noise,87.8466,56.4043,12562.1963,0.217,0.0222,143.067,0.3374,20.7296,7.6755,143.9631,102.5688,0.3612,33.385,10.8596,31.2953,99.8877,0.057,0.0107
original_holi_noise_0.jpg,noise,111.4216,62.7254,10130.0444,0.1323,0.0759,131.514,0.2945,18.3271,7.8782,120.3846,94.4329,0.251,32.5446,14.0442,32.5742,113.4179,0.0502,0.0124
original_human_noise_0.jpg,noise,61.3755,45.7651,3583.2891,0.3464,0.0029,146.2742,0.0773,10.8452,7.1446,64.5147,55.4297,0.0559,16.7346,9.7137,25.9899,98.3154,0.224,0.0128
original_image_noise_0.jpg,noise,58.8007,34.5896,9477.0881,0.3165,0.0029,152.1293,0.2877,17.418,6.9979,95.4626,51.6771,0.1451,22.3244,3.9162,15.2221,44.3397,0.0609,0.0088
original_masha_noise_0.jpg,noise,147.2984,55.0602,3386.7028,0.0514,0.0329,187.255,0.1091,11.0197,7.2895,74.5499,73.2171,0.1044,16.9866,10.7359,29.2782,87.4862,0.0188,0.016
original_panda_noise_0.jpg,noise,95.494,65.159,4908.153,0.2785,0.033,136.1648,0.1709,13.0709,7.7956,92.6539,86.9234,0.1382,23.7526,13.3315,41.6341,125.4347,0.0972,0.0144
original_smoke_noise_0.jpg,noise,107.9275,55.1219,5111.4831,0.0178,0.0923,67.7772,0.1881,12.8127,7.3457,77.0474,43.0995,0.0589,19.4368,5.2198,37.7057,133.4066,0.0225,0.0091
original_temple_noise_0.jpg,noise,80.4822,61.2451,3355.0954,0.3433,0.0205,140.6638,0.124,11.6134,7.6019,91.2495,103.0489,0.1642,22.9804,16.6176,36.0328,112.5751,0.1865,0.0168
original_tiger_noise_0.jpg,noise,87.4371,64.1288,14562.6664,0.2806,0.0485,167.9677,0.338,22.1488,7.7547,145.9359,102.2147,0.3832,32.9438,11.7796,28.4202,96.2749,0.1124,0.0107
original_zombie_noise_0.jpg,noise,70.8028,53.5749,6371.0179,0.3652,0.0019,153.5249,0.1851,14.6226,7.448,91.3256,82.4456,0.1046,26.2261,14.6659,25.6881,86.4054,0.1011,0.0114
koniq_10004473376_overexposed_0.jpg,overexposed,151.3926,77.7841,10701.5752,0.0639,0.3049,61.1094,0.2361,20.3361,7.1762,154.2199,172.8534,0.3799,38.8041,25.2267,35.1297,112.1093,0.2479,0.0208
koniq_10069534975_overexposed_0.jpg,overexposed,205.8026,52.5634,4552.6249,0.0,0.487,89.585,0.1374,13.7968,5.409,90.4671,144.1831,0.2311,26.0429,24.027,20.8052,84.6158,0.4252,0.0244
koniq_10218118033_overexposed_0.jpg,overexposed,187.9745,69.3255,3512.669,0.0,0.5208,80.93,0.1233,12.7169,6.9106,95.8635,150.3318,0.2149,32.8156,22.0268,32.4858,128.2332,0.3961,0.0236
koniq_10362672006_overexposed_0.jpg,overexposed,191.9001,62.135,8926.1541,0.0075,0.4853,97.1463,0.2639,18.7489,7.1472,157.4241,148.8494,0.4134,38.3308,18.0309,32.6853,104.5814,0.351,0.0199
koniq_10423472445_overexposed_0.jpg,overexposed,154.6838,79.3798,1444.2335,0.0017,0.3414,51.8115,0.0578,8.0898,7.0118,55.0394,114.0909,0.0957,21.9592,24.8807,46.6354,157.3421,0.2675,0.0273
koniq_10446810546_overexposed_0.jpg,overexposed,151.0956,72.0843,2159.6518,0.002,0.2849,100.2526,0.1238,9.6253,7.3101,88.9014,129.9202,0.186,28.8011,22.1032,40.5779,124.5919,0.2082,0.0254
koniq_10597114264_overexposed_0.jpg,overexposed,173.6222,64.8898,3188.0656,0.0,0.4056,89.7456,0.1572,11.6329,7.1762,95.932,128.478,0.2227,30.7899,20.6194,27.9977,106.7874,0.1607,0.0223
koniq_10615424764_overexposed_0.jpg,overexposed,209.7301,74.7363,565.6668,0.0611,0.7107,3.5559,0.0287,5.3227,2.9505,26.6834,89.0797,0.0543,12.2574,21.5545,53.0839,132.9087,0.7094,0.0255
koniq_10680502673_overexposed_0.jpg,overexposed,251.965,8.9906,341.0289,0.0,0.9851,12.4776,0.0217,3.6575,2.754,14.3731,38.725,0.0179,5.0935,6.0246,1.4102,4.6577,0.958,0.0182
koniq_107799222_overexposed_0.jpg,overexposed,250.5787,23.8014,248.3935,0.0,0.966,2.8882,0.0113,3.3682,0.9352,9.0924,54.4596,0.0205,3.8161,13.2852,9.6493,34.4019,0.9616,0.0157
koniq_10828395135_overexposed_0.jpg,overexposed,199.4158,35.6824,780.3942,0.0,0.37,94.9257,0.0913,5.7533,6.9799,51.4408,62.9412,0.0774,14.8555,11.2728,16.2272,54.3917,0.1072,0.0252
koniq_10866561184_overexposed_0.jpg,overexposed,245.1553,22.0826,142.1202,0.0,0.9039,26.1687,0.0172,2.558,3.4256,14.1807,39.5959,0.0169,5.3096,8.8903,13.1193,55.6609,0.8225,0.0189
koniq_10899733355_overexposed_0.jpg,overexposed,212.126,54.9148,7258.3919,0.0019,0.6688,79.7805,0.2104,17.1712,6.5644,142.8438,163.0447,0.3447,33.5819,20.4919,24.5387,89.68,0.4917,0.0242
koniq_10921653346_overexposed_0.jpg,overexposed,99.9526,70.0874,1452.1983,0.2942,0.0921,113.9614,0.0768,7.9607,6.9867,71.5787,135.6847,0.1351,25.7389,26.888,43.4849,134.9242,0.052,0.0246
koniq_10953973716_overexposed_0.jpg,overexposed,167.3529,41.6785,1073.5732,0.0,0.1096,139.0753,0.1003,7.1674,7.2544,71.5743,81.8747,0.1149,19.4421,13.7929,24.1964,80.1767,0.039,0.0226
koniq_11159983896_overexposed_0.jpg,overexposed,176.7194,76.9512,1555.4744,0.012,0.4586,47.1044,0.1064,8.1655,5.767,53.9755,81.9544,0.1079,15.019,16.3141,65.5688,190.7649,0.4215,0.0257
koniq_11250215644_overexposed_0.jpg,overexposed,226.23,50.4384,1142.6375,0.0,0.7992,55.2689,0.0437,7.0786,4.8205,41.7098,110.7512,0.0784,15.3073,21.0906,26.6593,91.0155,0.623,0.0261
koniq_11269626135_overexposed_0.jpg,overexposed,124.3405,73.5692,5645.1538,0.1227,0.163,100.7414,0.1645,15.5411,7.5983,136.1234,182.1228,0.298,42.1146,26.0741,29.6482,111.1767,0.1128,0.0241
koniq_11273190884_overexposed_0.jpg,overexposed,227.5148,44.0931,1520.0611,0.0,0.7623,64.5929,0.1072,8.0227,5.299,67.9332,115.5763,0.1571,23.0604,21.3583,17.5156,53.2778,0.6505,0.0259
koniq_11321228905_overexposed_0.jpg,overexposed,161.2014,68.1699,4575.8774,0.0306,0.2815,123.2034,0.192,13.2007,7.0114,89.5534,106.5828,0.2039,22.5574,16.9329,45.9126,146.3901,0.2329,0.0203
koniq_11369797883_overexposed_0.jpg,overexposed,144.2307,70.7515,1815.2359,0.0,0.2557,112.2121,0.0993,8.9221,7.2711,74.3149,122.8806,0.1638,26.1711,23.6422,39.3693,131.5411,0.179,0.0272
koniq_1360663704_overexposed_0.jpg,overexposed,204.1188,51.5529,8945.5183,0.0,0.5435,96.8272,0.162,18.5939,7.008,116.3885,152.3685,0.2732,28.6631,24.1309,22.723,72.867,0.3324,0.0247
koniq_136948336_overexposed_0.jpg,overexposed,177.5639,82.1316,4747.3474,0.0054,0.4993,30.9497,0.1362,13.975,6.1466,100.1086,158.1203,0.2172,35.9293,27.8052,43.5376,145.7092,0.4524,0.0254
koniq_1519242706_overexposed_0.jpg,overexposed,245.5288,25.8033,1121.406,0.0,0.9381,15.8508,0.0325,7.3377,3.3157,29.4825,83.4694,0.0423,8.3496,15.9735,11.0212,29.491,0.8309,0.0209
koniq_2044507520_overexposed_0.jpg,overexposed,155.1967,22.1505,268.7311,0.0001,0.0268,144.894,0.0154,3.2882,6.0266,13.0888,48.0059,0.0229,4.3872,10.776,13.764,47.1059,0.0206,0.0183
koniq_2152767186_overexposed_0.jpg,overexposed,149.7583,35.4285,316.7427,0.0,0.0544,173.0779,0.0428,3.6465,6.8019,28.1549,60.0498,0.0487,10.9843,13.2735,21.6668,72.0579,0.0312,0.024
koniq_234944177_overexposed_0.jpg,overexposed,234.9018,41.0203,386.6428,0.013,0.7928,48.8395,0.0111,4.1984,3.326,17.465,68.8595,0.0203,7.888,17.1835,20.9232,63.7398,0.7329,0.013
koniq_2362202039_overexposed_0.jpg,overexposed,232.8085,26.084,321.4861,0.0,0.9376,67.4615,0.0166,3.7821,3.7307,15.5246,62.8159,0.0299,5.7818,13.8521,10.6526,40.3937,0.0957,0.0196
koniq_2444937456_overexposed_0.jpg,overexposed,248.3338,17.0289,378.1026,0.0,0.9687,27.179,0.0197,3.8401,3.831,21.3776,42.09,0.0222,6.1119,8.8375,6.7937,22.5934,0.9269,0.0194
koniq_2517718928_overexposed_0.jpg,overexposed,139.1132,74.4007,4007.0276,0.0019,0.2579,13.8853,0.1496,12.9527,7.0706,89.714,115.0562,0.181,26.0801,18.6885,44.9798,136.5959,0.198,0.0253
koniq_2578890441_overexposed_0.jpg,overexposed,177.6703,64.3413,1925.4799,0.002,0.3786,86.5775,0.1389,9.0605,6.99,82.1868,112.6193,0.1847,25.323,18.1267,43.8216,143.3928,0.3069,0.0235
koniq_2785267250_overexposed_0.jpg,overexposed,200.6933,71.3577,536.2882,0.0,0.6058,24.6903,0.0393,4.8009,4.6488,32.2418,75.6367,0.0508,12.3967,18.6722,58.5554,165.5723,0.5626,0.022
koniq_2808286292_overexposed_0.jpg,overexposed,188.6948,74.7888,4774.3831,0.0323,0.5326,47.007,0.1534,14.0808,6.4027,108.2167,156.9591,0.2428,33.5273,26.7829,39.9364,123.6963,0.4677,0.0252
koniq_2818844013_overexposed_0.jpg,overexposed,220.8834,60.4762,3460.011,0.0063,0.746,24.1284,0.1204,12.0611,4.4322,84.7477,151.6415,0.2006,26.8813,27.8442,33.4536,107.5354,0.6996,0.0264
koniq_2839494557_overexposed_0.jpg,overexposed,216.2476,39.019,2185.6253,0.0,0.6616,95.3258,0.1363,9.2701,6.5127,66.8162,73.5599,0.104,17.0174,12.0616,20.1731,80.2646,0.3649,0.0199
koniq_2937190977_overexposed_0.jpg,overexposed,184.2291,80.6222,6207.5434,0.0,0.546,20.2037,0.1226,15.9134,5.6985,91.0707,153.447,0.1975,25.5655,24.0706,59.3733,182.8539,0.513,0.0268
koniq_2939787669_overexposed_0.jpg,overexposed,170.9675,72.1434,2388.9972,0.0,0.3888,38.3618,0.1568,10.3232,6.6858,108.2422,137.8996,0.2613,33.3797,21.938,41.3642,123.5059,0.3261,0.0244
koniq_2941933060_overexposed_0.jpg,overexposed,229.0787,38.7938,1677.8362,0.0,0.8286,89.5307,0.0698,8.2567,4.9349,44.7552,85.9024,0.0827,12.1711,16.5972,19.7173,71.902,0.4443,0.0257
koniq_2964711556_overexposed_0.jpg,overexposed,219.7308,53.5983,1472.767,0.0,0.7002,36.9904,0.065,7.8323,4.5917,50.6931,111.3475,0.1079,19.7052,22.5993,21.789,81.4133,0.6745,0.0262
koniq_2990464677_overexposed_0.jpg,overexposed,185.3619,76.8368,460.8881,0.0,0.5209,61.2004,0.0444,4.4015,5.6309,37.086,79.308,0.0648,15.4112,20.3936,55.9372,183.3884,0.4699,0.0182
koniq_3026852045_overexposed_0.jpg,overexposed,61.606,63.5807,16485.6193,0.7413,0.0813,17.3641,0.1263,25.7845,3.9642,143.0343,256.7592,0.2526,40.1259,33.9035,10.9025,38.3491,0.062,0.0272
koniq_3073970642_overexposed_0.jpg,overexposed,116.4805,66.27,632.0261,0.0998,0.0786,167.1318,0.0351,5.7183,7.0828,43.4323,107.7217,0.0604,15.0274,22.5315,50.558,147.6639,0.066,0.0268
koniq_313424539_overexposed_0.jpg,overexposed,125.4158,52.6845,2715.6835,0.0056,0.0893,77.7684,0.1579,10.7916,7.5537,100.6382,121.7607,0.2023,27.6759,18.9711,21.0629,64.0775,0.0484,0.0239
koniq_318700026_overexposed_0.jpg,overexposed,204.8099,55.3096,1974.1403,0.0,0.591,89.7632,0.0587,8.4743,6.7614,46.8003,81.0596,0.0774,14.8748,14.6789,37.6125,154.3769,0.3937,0.0276
koniq_3253636665_overexposed_0.jpg,overexposed,219.1518,60.7677,3952.589,0.0,0.75,16.8065,0.0961,12.8033,4.6052,67.8175,130.5631,0.1432,21.0141,23.1968,38.647,114.0497,0.708,0.0272
koniq_3255665645_overexposed_0.jpg,overexposed,238.9613,29.9771,1004.8676,0.0,0.8391,51.573,0.0615,6.7382,4.1896,33.7949,77.2394,0.0743,9.7668,13.8983,17.6113,52.3813,0.7528,0.0246
koniq_3315237185_overexposed_0.jpg,overexposed,200.0122,63.0215,2414.9519,0.0009,0.601,94.9672,0.1251,10.1026,6.6234,74.8344,114.8978,0.1756,21.0982,22.4333,42.578,136.8236,0.4886,0.027
koniq_3320115265_overexposed_0.jpg,overexposed,210.8447,68.3781,25276.765,0.0117,0.7042,40.7735,0.2649,30.0632,5.2924,217.7846,244.7682,0.4623,60.5169,13.6529,14.0732,50.9144,0.6633,0.0173
koniq_3362731032_overexposed_0.jpg,overexposed,159.8474,66.4784,535.3629,0.0,0.3054,144.9234,0.0234,4.9163,7.3877,26.878,76.4365,0.0395,11.2144,17.7682,43.8543,151.3831,0.0723,0.0227
koniq_3367220434_overexposed_0.jpg,overexposed,91.0682,64.8111,676.066,0.3407,0.0231,109.742,0.055,5.7883,6.8911,41.8204,87.1118,0.0797,15.3193,17.0277,46.4547,166.8581,0.0029,0.0241
koniq_3423896683_overexposed_0.jpg,overexposed,190.6039,66.8043,3544.972,0.0,0.5193,87.7773,0.1561,13.0915,6.7114,121.6339,159.879,0.2823,38.5828,22.3252,21.1186,65.2848,0.4056,0.0227
koniq_3463146453_overexposed_0.jpg,overexposed,217.7877,66.1504,1589.6019,0.0002,0.7469,9.0093,0.0648,8.0107,3.4421,47.6389,116.2794,0.1029,18.3826,25.5306,37.1648,127.6558,0.7151,0.0269
koniq_3662997757_overexposed_0.jpg,overexposed,169.4439,81.5082,1279.7902,0.0,0.4526,23.7251,0.0863,7.3806,5.8353,60.6333,107.7197,0.1201,21.4656,22.2198,64.75,175.5366,0.4153,0.0241
koniq_3773463532_overexposed_0.jpg,overexposed,213.065,43.7203,2600.9648,0.0,0.5543,44.4097,0.1312,9.8243,6.0446,63.2139,79.0457,0.1219,16.4255,12.7353,20.8798,68.601,0.4218,0.0223
koniq_3815098207_overexposed_0.jpg,overexposed,132.4443,65.8743,3167.5293,0.014,0.1939,108.4992,0.1213,11.2318,7.3305,84.3516,111.3965,0.1801,24.5942,20.3964,37.5362,125.0157,0.1425,0.0275
koniq_3921589638_overexposed_0.jpg,overexposed,164.2436,85.7749,782.1814,0.0574,0.4413,60.7399,0.0613,6.1019,6.8646,55.3628,108.5998,0.1046,24.6365,24.6722,52.4142,180.0282,0.3628,0.0154
koniq_3948135332_overexposed_0.jpg,overexposed,234.5815,38.4333,816.2542,0.0017,0.8358,43.3795,0.0728,5.7564,5.1293,42.9892,75.6442,0.0749,13.7591,16.6795,14.3849,55.0164,0.7458,0.0242
koniq_3961459513_overexposed_0.jpg,overexposed,237.9783,41.317,683.8068,0.0001,0.8734,26.1202,0.0393,5.3295,4.0,29.8891,79.8581,0.0579,11.1428,18.4168,9.3539,39.6338,0.8442,0.0239
koniq_411025625_overexposed_0.jpg,overexposed,179.6779,83.7286,250.7702,0.0137,0.5237,19.1954,0.0442,3.4095,4.8477,36.0779,70.5947,0.0491,14.1321,19.6934,62.7676,163.6926,0.5068,0.0211
koniq_4185039279_overexposed_0.jpg,overexposed,213.7453,64.809,2646.6716,0.0,0.6965,19.324,0.1072,10.8967,4.3566,81.1698,148.4679,0.1953,25.2809,26.868,38.6629,133.5398,0.6599,0.0262
koniq_4194428227_overexposed_0.jpg,overexposed,171.6308,61.5734,1426.812,0.0,0.3228,73.3195,0.1058,7.4951,7.3937,60.3746,81.1085,0.1007,20.0442,16.127,34.5487,100.7919,0.2022,0.0185
koniq_4228738752_overexposed_0.jpg,overexposed,122.2575,60.0099,193.2873,0.0,0.1409,112.8025,0.0279,2.9877,6.956,29.5359,59.5922,0.0364,11.7163,15.3406,35.7444,97.5151,0.1195,0.0206
koniq_4237536969_overexposed_0.jpg,overexposed,230.713,25.8536,818.6111,0.0,0.8248,97.9374,0.0427,6.0233,5.679,28.3982,68.6304,0.0496,8.1227,13.2866,12.3269,43.8931,0.5503,0.0249
koniq_4251971063_overexposed_0.jpg,overexposed,240.7006,36.2417,266.13,0.0,0.9318,18.2903,0.0116,3.3814,4.1775,12.6633,55.0851,0.0175,4.4847,13.1671,18.9271,69.1353,0.9284,0.014
koniq_4281731487_overexposed_0.jpg,overexposed,212.2239,44.582,457.4193,0.0,0.5677,96.2203,0.1015,4.4777,6.2033,56.0496,70.128,0.0911,20.1253,14.8681,22.5309,72.3097,0.3848,0.0213
koniq_4305975001_overexposed_0.jpg,overexposed,175.2947,84.1506,2312.1574,0.0649,0.4996,76.9663,0.0781,10.3854,5.6976,76.684,155.6368,0.1418,30.7141,31.4388,43.7337,142.0225,0.4708,0.0312
koniq_432860543_overexposed_0.jpg,overexposed,238.1304,41.7442,4417.4151,0.0046,0.8754,17.7461,0.0803,13.6332,3.5899,57.9234,135.2304,0.1346,18.0646,24.279,16.8741,50.7011,0.8152,0.0273
koniq_4344642946_overexposed_0.jpg,overexposed,230.8127,47.9015,761.2159,0.0,0.79,13.52,0.0464,5.547,3.0708,28.2196,74.908,0.0643,10.3864,16.4572,26.3781,98.8693,0.773,0.0264
koniq_4495630749_overexposed_0.jpg,overexposed,152.0034,69.6738,3530.8645,0.0091,0.275,91.9547,0.1529,13.009,7.4652,108.7218,145.1838,0.2445,33.2355,21.6911,28.6613,83.8312,0.1747,0.0277
koniq_4524766514_overexposed_0.jpg,overexposed,206.1231,69.0311,7371.1184,0.0257,0.718,48.9054,0.1252,17.2137,6.3409,115.277,201.832,0.2464,34.7767,34.8475,29.3283,88.903,0.5679,0.0263
koniq_4563172093_overexposed_0.jpg,overexposed,205.3026,55.6585,2650.6233,0.0,0.5578,66.7449,0.1754,10.1014,6.712,87.4325,92.5011,0.1951,25.7778,15.7093,30.1239,90.8748,0.4262,0.0238
koniq_4619633197_overexposed_0.jpg,overexposed,191.344,88.837,1340.9082,0.047,0.6508,16.3985,0.0464,7.8009,4.0015,42.2841,115.3163,0.0795,17.011,26.1079,51.2843,139.7425,0.6317,0.0249
koniq_4710464067_overexposed_0.jpg,overexposed,248.4977,11.5347,57.7913,0.0,0.9756,44.1836,0.0128,1.6,3.7763,14.1584,28.2172,0.0097,5.917,6.0819,1.5208,5.7631,0.8437,0.0158
koniq_4881913692_overexposed_0.jpg,overexposed,137.3125,54.1981,1751.028,0.0,0.1665,148.8478,0.0565,7.7717,4.9967,35.7052,87.1815,0.0734,12.7937,19.1729,35.4479,118.15,0.1567,0.0251
koniq_4992884384_overexposed_0.jpg,overexposed,232.138,37.9184,545.3529,0.0,0.8719,40.3499,0.0305,5.0271,4.5471,24.3893,78.0225,0.0527,9.2025,17.1232,20.6538,69.4989,0.6757,0.027
koniq_5079448176_overexposed_0.jpg,overexposed,253.9125,12.1786,75.8451,0.0,0.992,0.3342,0.0026,1.8436,0.2039,2.0072,27.2655,0.004,0.8647,6.8069,2.0794,6.6698,0.9915,0.0059
koniq_5095300668_overexposed_0.jpg,overexposed,235.8937,32.3885,729.3273,0.0,0.8045,59.1626,0.0851,5.4077,3.7387,36.7563,66.5162,0.0814,10.8424,12.9377,16.1786,53.8896,0.6599,0.0234
koniq_5097068931_overexposed_0.jpg,overexposed,229.5242,12.8663,305.8892,0.0,0.936,110.4364,0.0072,3.5041,5.0872,22.2371,35.9537,0.0074,5.6503,7.0591,5.8917,21.9822,0.071,0.0156
koniq_5175429795_overexposed_0.jpg,overexposed,200.9559,63.2848,1183.8677,0.0,0.5581,50.1044,0.0809,7.523,5.2213,54.5362,103.9262,0.1231,17.7643,19.6591,44.6495,140.1206,0.5229,0.0254
koniq_5195185160_overexposed_0.jpg,overexposed,145.7146,79.9907,1762.4922,0.1002,0.303,52.189,0.1055,8.6472,7.1982,82.8636,131.8172,0.172,31.2583,25.5903,45.474,168.5699,0.2306,0.0255
koniq_5241841036_overexposed_0.jpg,overexposed,164.2346,96.9318,2089.0656,0.2672,0.5141,41.8605,0.0781,9.4867,5.1491,62.6629,138.6654,0.131,23.1289,29.0175,76.0116,213.9303,0.4596,0.0282
koniq_5310130081_overexposed_0.jpg,overexposed,197.8845,65.2783,632.4251,0.0,0.5617,69.9257,0.0551,5.3626,5.5766,40.7778,79.8483,0.0722,15.9482,18.9986,40.9877,131.8997,0.4966,0.0251
koniq_5365003071_overexposed_0.jpg,overexposed,183.2882,81.3537,526.9152,0.0,0.5494,72.0631,0.0362,5.481,5.4538,38.5229,100.186,0.0614,15.9449,22.8735,49.937,138.4202,0.5259,0.0257
koniq_5419962760_overexposed_0.jpg,overexposed,225.0977,55.7775,210.339,0.0,0.7708,35.869,0.024,2.9841,2.8781,16.6072,51.9346,0.029,7.1069,14.9205,39.3757,132.4588,0.758,0.02
koniq_5454884110_overexposed_0.jpg,overexposed,239.8366,31.9024,1118.8876,0.0004,0.8933,52.9918,0.0577,6.7057,4.3407,41.0163,94.2177,0.0829,14.7651,19.0736,9.8269,31.6805,0.7397,0.024
koniq_5460394455_overexposed_0.jpg,overexposed,164.5225,59.3154,3175.6155,0.0,0.2725,131.3525,0.167,11.3046,7.4645,103.3467,123.1591,0.2393,31.5068,16.572,29.0748,129.9663,0.1803,0.0231
koniq_5470588240_overexposed_0.jpg,overexposed,232.7802,49.6577,1112.2158,0.0002,0.8319,23.3077,0.0735,7.1327,3.6581,49.3914,110.6555,0.1206,17.2855,22.8864,16.5346,66.6906,0.7882,0.0254
koniq_5511925995_overexposed_0.jpg,overexposed,230.637,37.3741,585.1213,0.0,0.7857,57.9154,0.0614,4.8805,5.5867,41.1802,71.9599,0.0689,14.2213,15.272,17.9731,74.4961,0.6281,0.0231
koniq_5543296873_overexposed_0.jpg,overexposed,129.4202,59.8399,393.017,0.0,0.1582,124.6949,0.0506,4.2786,6.3015,44.998,85.2789,0.0825,19.0777,18.9484,33.3791,97.6053,0.1259,0.022
koniq_5564570846_overexposed_0.jpg,overexposed,234.0149,21.4624,393.3164,0.0,0.9745,59.6286,0.012,4.2434,4.0562,15.898,79.1413,0.0287,5.569,16.8028,4.7637,17.2721,0.1683,0.0165
koniq_5621947330_overexposed_0.jpg,overexposed,138.8402,63.8427,1072.6316,0.0,0.1884,45.0303,0.138,7.0957,7.1683,75.0292,90.0216,0.1287,20.7456,17.4423,27.88,106.5706,0.1532,0.0164
koniq_5677116051_overexposed_0.jpg,overexposed,192.7032,57.3739,9370.743,0.0,0.4476,49.7207,0.2277,18.5934,7.14,132.7445,136.7684,0.3142,36.0806,18.8843,18.8593,57.936,0.2932,0.023
koniq_5796747370_overexposed_0.jpg,overexposed,214.9574,53.2003,2223.4083,0.0,0.702,80.6456,0.1144,9.447,6.3434,68.5294,93.4555,0.1396,17.7618,16.4793,36.3467,111.4579,0.5472,0.0244
koniq_5856265647_overexposed_0.jpg,overexposed,210.1733,68.9481,2348.1339,0.0008,0.6871,39.4388,0.0948,10.3207,4.5108,67.6362,136.8554,0.145,26.5301,27.4783,30.9761,92.0084,0.6617,0.0306
koniq_5906952351_overexposed_0.jpg,overexposed,205.331,70.9233,10757.1635,0.0,0.6606,19.6347,0.1389,19.2603,5.1472,106.6191,165.091,0.2599,34.5691,27.4081,38.1705,108.491,0.6218,0.0283
koniq_5914848066_overexposed_0.jpg,overexposed,246.3384,31.4991,107.3383,0.0,0.9345,9.6866,0.0144,2.2807,1.9445,12.1367,50.403,0.0227,5.8096,14.6968,14.7741,58.6662,0.9126,0.0146
koniq_5936297940_overexposed_0.jpg,overexposed,123.9995,46.9626,1115.9734,0.0,0.099,119.8924,0.043,6.9523,6.4585,45.1615,106.7398,0.0684,16.4047,22.0694,18.3422,80.3522,0.0882,0.0269
koniq_5943227958_overexposed_0.jpg,overexposed,130.5085,39.8533,154.1168,0.0001,0.0435,155.3476,0.0301,2.687,6.9997,29.9489,47.5455,0.0312,10.8373,11.9429,23.9493,86.6548,0.0361,0.02
koniq_5951267818_overexposed_0.jpg,overexposed,219.3747,62.2815,3506.3828,0.0002,0.7408,18.222,0.1192,12.3362,4.204,88.9976,158.6585,0.2141,28.1386,27.8472,30.7333,86.3581,0.7134,0.0262
koniq_5971762123_overexposed_0.jpg,overexposed,247.6293,30.6523,447.1266,0.0067,0.9436,3.961,0.0328,4.5345,1.7658,18.7646,64.954,0.0409,6.8832,14.6799,9.1945,28.7917,0.9191,0.0225
koniq_6010335101_overexposed_0.jpg,overexposed,178.8332,33.8897,2737.673,0.0,0.1584,132.8436,0.1367,10.2853,6.0561,64.6818,91.0243,0.1586,15.6155,14.4192,14.7187,43.625,0.1223,0.0229
koniq_6059676315_overexposed_0.jpg,overexposed,217.6387,48.3885,760.3354,0.0001,0.6775,54.3236,0.0685,5.6668,6.3162,47.3833,85.5695,0.0934,16.9431,18.003,28.0254,107.3258,0.5239,0.0257
koniq_6061284714_overexposed_0.jpg,overexposed,203.5843,66.1873,740.3958,0.0,0.6133,60.5727,0.0661,5.5984,5.8108,46.626,88.7292,0.0858,19.1453,20.4573,32.6998,125.317,0.5321,0.0239
koniq_6118760299_overexposed_0.jpg,overexposed,198.3789,41.6023,1016.1299,0.0,0.4175,98.4933,0.0802,6.4629,7.0793,53.7757,89.5969,0.1034,18.3521,17.774,19.4289,66.6953,0.1626,0.0271
koniq_6185806763_overexposed_0.jpg,overexposed,246.2369,12.5295,177.1181,0.0,0.9743,56.4935,0.0146,2.7817,4.4034,10.4571,39.4809,0.0191,3.4938,7.5901,3.296,13.7412,0.8971,0.0177
koniq_6191653562_overexposed_0.jpg,overexposed,209.0963,42.3881,2563.4911,0.0,0.5339,74.6943,0.2049,11.3561,6.8759,110.5362,124.9747,0.2326,28.7397,16.6492,6.942,26.2292,0.2778,0.0207
koniq_6216628901_overexposed_0.jpg,overexposed,242.1349,29.9162,367.4411,0.0,0.9011,31.2279,0.0253,3.8085,4.365,18.9766,46.7996,0.0263,7.0386,12.5383,13.5541,42.0545,0.8408,0.0215
koniq_6230011878_overexposed_0.jpg,overexposed,151.8483,32.1284,1249.2333,0.0042,0.0207,187.0561,0.0334,6.7094,6.7523,30.9347,73.269,0.05,9.7743,13.5293,20.8988,76.6481,0.0141,0.0221
koniq_6256829619_overexposed_0.jpg,overexposed,205.1774,72.1745,2961.5813,0.0053,0.6551,7.8989,0.0898,11.5058,4.0991,64.9944,143.5239,0.1308,19.2601,26.0959,47.3211,155.8116,0.6362,0.0266
koniq_6307302399_overexposed_0.jpg,overexposed,174.9206,68.7747,3915.3466,0.0004,0.401,99.9331,0.1604,13.9516,6.7001,119.286,171.0175,0.2585,36.4189,25.2735,27.4964,100.6565,0.3171,0.0214
koniq_6343064519_overexposed_0.jpg,overexposed,254.0241,7.5405,15.2518,0.0,0.992,3.9097,0.0019,0.7684,0.583,1.917,14.5684,0.0019,0.7991,4.1854,2.1824,8.6493,0.9828,0.0068
koniq_6344902938_overexposed_0.jpg,overexposed,173.2567,77.5311,2789.438,0.0004,0.4436,13.5324,0.1322,10.3981,5.9679,71.223,101.389,0.1451,20.4955,18.7128,61.8632,180.0784,0.4129,0.0231
koniq_6346994570_overexposed_0.jpg,overexposed,235.2715,21.6713,350.3629,0.0,0.9669,52.4489,0.0106,3.8746,2.7761,11.9486,54.6766,0.0195,5.0085,14.1224,4.2042,12.7269,0.0522,0.0138
koniq_6608109869_overexposed_0.jpg,overexposed,144.3631,58.007,1006.562,0.0,0.1769,110.412,0.1593,6.4983,7.1193,75.3799,76.7404,0.1342,20.7904,14.0173,29.4759,114.9407,0.1484,0.019
koniq_6729759239_overexposed_0.jpg,overexposed,198.5683,45.0515,1871.1244,0.0,0.4244,63.283,0.1728,8.5389,7.0914,72.0899,76.6713,0.1289,19.0954,13.0077,23.8596,80.9277,0.2746,0.0158
koniq_6757989209_overexposed_0.jpg,overexposed,220.7762,50.6996,384.8611,0.0,0.7012,56.0881,0.0322,3.8428,5.5143,28.8549,65.9697,0.0474,13.7439,18.0621,19.4123,73.1007,0.6079,0.0225
koniq_6787512667_overexposed_0.jpg,overexposed,235.5556,42.5068,732.765,0.0,0.8256,4.2826,0.0594,5.401,3.0197,32.1222,77.0028,0.0721,11.7823,18.0749,22.6136,60.7832,0.7922,0.0262
koniq_6829189111_overexposed_0.jpg,overexposed,253.7535,14.1959,126.2571,0.0015,0.992,0.3794,0.0039,2.3955,0.2859,3.6796,40.0721,0.0075,1.4037,9.1918,4.5667,18.9288,0.9907,0.0075
koniq_6845848072_overexposed_0.jpg,overexposed,186.0927,71.8054,2790.7156,0.0003,0.5626,43.6332,0.1256,11.1138,6.7455,79.0859,130.1806,0.1773,23.0673,23.4673,50.7306,162.6296,0.3361,0.025
koniq_6862989864_overexposed_0.jpg,overexposed,183.2407,71.1663,6902.0293,0.0126,0.4726,64.5392,0.2054,16.74,7.0355,150.0185,174.9215,0.3393,46.6746,20.5624,21.803,76.2804,0.3851,0.0234
koniq_6870048801_overexposed_0.jpg,overexposed,241.5235,32.0243,1734.5109,0.0,0.8791,14.0608,0.0906,9.0659,3.4243,50.9795,108.1385,0.1221,14.9167,18.5098,14.3866,42.5833,0.8096,0.0249
koniq_6897314758_overexposed_0.jpg,overexposed,212.1428,48.2586,2289.3574,0.0,0.567,38.3012,0.136,9.7377,6.09,77.364,104.577,0.1723,21.9826,15.5458,32.0422,115.0523,0.4872,0.0218
koniq_6900924910_overexposed_0.jpg,overexposed,204.9224,61.1369,3747.1964,0.0,0.5888,41.6744,0.164,12.6222,5.8026,102.9781,139.5133,0.2641,30.1588,21.5466,33.5589,120.7934,0.5207,0.0228
koniq_6915781600_overexposed_0.jpg,overexposed,244.149,23.716,934.0658,0.0,0.9192,31.5984,0.062,6.15,4.1631,34.6685,70.3744,0.0655,10.1176,12.4399,8.753,29.8956,0.8241,0.0254
koniq_6965249888_overexposed_0.jpg,overexposed,208.9481,50.4368,562.4034,0.0,0.5232,93.0433,0.0441,5.5692,5.8586,34.6137,86.2463,0.0736,12.544,15.9786,36.0811,133.5848,0.4359,0.0292
koniq_7005136305_overexposed_0.jpg,overexposed,175.7159,73.2807,1368.7623,0.0,0.436,58.5092,0.0979,8.0909,6.3755,71.5063,120.706,0.1494,24.7159,22.4752,37.2763,115.2354,0.3956,0.0267
koniq_7029108053_overexposed_0.jpg,overexposed,248.8489,18.5278,168.606,0.0,0.9714,27.7021,0.0118,2.7738,3.1788,9.0419,44.4809,0.0171,3.208,9.3266,7.981,26.8643,0.9358,0.0158
koniq_7108939139_overexposed_0.jpg,overexposed,181.7156,53.9582,1000.9871,0.0,0.3389,79.1097,0.1012,6.528,6.9793,60.9362,86.81,0.1143,21.6117,15.4496,29.7936,89.8307,0.2351,0.0224
koniq_7154088130_overexposed_0.jpg,overexposed,234.9767,45.0014,682.5942,0.0,0.8813,36.6167,0.0347,5.3101,4.6102,25.4454,69.5125,0.0429,8.2071,15.4455,27.5088,101.9694,0.8379,0.0237
koniq_7163375274_overexposed_0.jpg,overexposed,223.4788,58.8177,435.6238,0.0002,0.7693,0.0,0.0263,4.4088,2.6308,20.754,67.7723,0.0373,8.7603,17.3744,38.8941,128.7425,0.7626,0.02
koniq_7215678842_overexposed_0.jpg,overexposed,185.5277,40.6432,2046.8252,0.0,0.2713,83.7111,0.086,9.0681,7.1516,48.123,88.3759,0.1125,12.3493,15.4112,22.7691,81.3661,0.0926,0.0284
koniq_7255289130_overexposed_0.jpg,overexposed,175.942,68.8905,9232.5392,0.0192,0.3595,26.734,0.2485,19.2402,7.1071,152.1102,167.6121,0.3653,41.1927,21.9835,26.4564,86.8115,0.2777,0.0198
koniq_7283094026_overexposed_0.jpg,overexposed,204.1063,70.8881,5448.9201,0.0095,0.6569,61.832,0.1144,15.095,5.5053,90.9434,161.2184,0.198,26.3795,26.0045,49.3988,138.9158,0.591,0.0269
koniq_7329465526_overexposed_0.jpg,overexposed,188.9524,73.7194,5494.2462,0.0142,0.5064,60.7551,0.1541,15.2712,5.9474,104.3944,155.2172,0.2437,28.8921,25.6602,43.7832,128.6825,0.4439,0.0225
koniq_7365538478_overexposed_0.jpg,overexposed,229.9514,51.3404,544.6896,0.0,0.8038,8.49,0.0216,4.9043,2.6232,20.0155,74.4518,0.034,7.8253,16.9089,39.7814,111.5856,0.7909,0.0196
koniq_7380460592_overexposed_0.jpg,overexposed,201.316,29.4238,875.0661,0.0,0.3107,49.5834,0.0866,6.3523,6.7412,52.6323,62.27,0.0813,12.6999,9.8985,19.5067,63.7502,0.1297,0.023
koniq_7608025600_overexposed_0.jpg,overexposed,142.6887,89.8419,3791.145,0.0,0.3643,37.0615,0.1093,12.7878,5.7739,99.5987,179.2371,0.1992,37.8124,31.2101,48.0974,170.8914,0.3412,0.0301
koniq_7734376776_overexposed_0.jpg,overexposed,225.1918,58.9847,11830.4555,0.0043,0.7875,10.5147,0.1526,22.2498,3.9385,138.0329,218.8232,0.2892,40.3595,30.0365,12.8871,48.0697,0.7592,0.0229
koniq_7744803492_overexposed_0.jpg,overexposed,160.8663,74.7322,2688.7674,0.0443,0.3477,98.1675,0.158,11.2833,7.4147,109.7347,146.3277,0.2438,35.4781,21.4864,37.7035,146.9025,0.2626,0.0232
koniq_7751952772_overexposed_0.jpg,overexposed,191.0776,70.1114,1651.5687,0.0,0.5129,31.4849,0.1176,8.2046,5.2874,62.428,99.992,0.1449,18.5453,19.0882,56.1394,154.2067,0.486,0.0218
koniq_7819353184_overexposed_0.jpg,overexposed,224.6024,48.7145,730.0408,0.0,0.7045,43.1894,0.0602,5.6949,4.2397,39.2298,88.0867,0.0805,14.8619,18.6717,29.7004,112.2065,0.6652,0.0251
koniq_7914714726_overexposed_0.jpg,overexposed,173.164,67.7773,3047.5617,0.0319,0.3932,158.5125,0.1956,11.3444,7.4225,119.8499,136.9626,0.2803,38.6247,21.6752,21.4856,71.2047,0.1187,0.0223
koniq_7937116986_overexposed_0.jpg,overexposed,139.2382,60.0266,2258.0666,0.0,0.1581,78.7934,0.1515,10.2632,7.4108,98.2059,125.2182,0.2183,29.2473,20.1056,32.9442,138.1734,0.1196,0.0228
koniq_8035433785_overexposed_0.jpg,overexposed,158.4484,84.643,2177.939,0.0,0.4043,52.225,0.0878,10.4357,5.5446,69.6006,142.5654,0.1548,25.3298,27.7642,22.106,95.9051,0.3681,0.0317
koniq_8086991348_overexposed_0.jpg,overexposed,154.7046,79.0157,1014.6248,0.0272,0.3425,23.8083,0.1007,6.6742,7.0236,66.6896,90.3167,0.0949,21.2791,19.7366,59.4441,195.8494,0.2546,0.0213
koniq_8096129179_overexposed_0.jpg,overexposed,173.9382,83.9538,384.8194,0.0902,0.4893,90.8365,0.0801,4.1818,6.7879,39.9444,64.7399,0.0644,11.575,14.2196,74.0627,203.0498,0.3973,0.0229
koniq_8113498731_overexposed_0.jpg,overexposed,194.8874,70.5771,3442.7207,0.0,0.5436,10.014,0.1278,11.5824,5.6446,89.5036,149.6734,0.2072,28.2139,22.8059,53.2867,168.6827,0.4818,0.0258
koniq_8191059336_overexposed_0.jpg,overexposed,158.204,72.9363,8099.5248,0.0777,0.353,157.2987,0.2691,18.0907,7.6316,162.3254,148.3768,0.42,40.495,17.9554,38.2936,136.453,0.0972,0.0189
koniq_8201445603_overexposed_0.jpg,overexposed,93.0622,59.098,1170.0525,0.0,0.0946,31.414,0.0738,7.5532,5.8232,57.9949,115.9599,0.1135,20.2157,22.7773,28.4696,91.7825,0.0742,0.0265
koniq_8233745351_overexposed_0.jpg,overexposed,166.3138,73.3408,3190.6456,0.0,0.3834,31.6759,0.1143,11.6257,6.391,82.1993,132.5558,0.1756,26.1631,22.2785,42.4101,161.0324,0.3537,0.0267
koniq_8242266673_overexposed_0.jpg,overexposed,90.5208,65.3666,404.3393,0.0,0.1026,48.5132,0.0353,4.2798,4.6192,27.6157,70.3315,0.0445,10.7788,18.2442,41.663,117.124,0.0803,0.0192
koniq_8274584258_overexposed_0.jpg,overexposed,221.603,65.2979,1332.8083,0.0,0.7866,8.5801,0.0338,6.9696,2.2898,24.7772,94.1062,0.0555,9.2509,19.957,43.9194,126.6982,0.7852,0.0234
koniq_8333683532_overexposed_0.jpg,overexposed,244.4636,30.3233,410.8312,0.0,0.8997,14.5803,0.0256,4.399,2.5012,21.0536,70.6773,0.0405,8.2004,15.9057,11.9852,40.8292,0.8709,0.0228
koniq_8401416435_overexposed_0.jpg,overexposed,164.3777,44.6371,3569.229,0.0004,0.12,74.8653,0.1778,11.9169,7.2259,84.1331,106.6208,0.2127,19.6913,16.8943,28.2337,99.2401,0.0773,0.0213
koniq_8421980802_overexposed_0.jpg,overexposed,246.0999,33.7945,1955.8296,0.009,0.937,6.2167,0.0364,8.5171,2.1065,26.3975,95.014,0.0568,9.0238,19.2542,15.1335,53.3435,0.9067,0.0221
koniq_8441623412_overexposed_0.jpg,overexposed,245.3215,16.1232,645.1211,0.0002,0.9695,57.855,0.0307,4.9751,4.6371,29.3066,54.0264,0.0351,8.3896,9.7712,4.5052,15.6784,0.8041,0.021
koniq_8450836581_overexposed_0.jpg,overexposed,244.4631,20.1164,70.0856,0.0,0.9219,42.5497,0.0178,1.8117,4.0082,14.7079,35.8431,0.0157,5.5923,9.0614,9.1145,31.9783,0.7838,0.0206
koniq_8493065081_overexposed_0.jpg,overexposed,208.6695,51.0194,2235.2985,0.0001,0.5526,42.7286,0.1048,9.6471,6.366,78.7755,127.1751,0.1639,24.7648,22.2633,21.9778,86.9197,0.4202,0.028
koniq_8532727626_overexposed_0.jpg,overexposed,164.2551,94.5194,3098.8177,0.1842,0.4871,49.9003,0.0958,11.3305,5.9194,85.8218,161.2113,0.1841,29.1251,30.8281,65.6269,214.3858,0.4574,0.0281
koniq_8546536299_overexposed_0.jpg,overexposed,248.3136,21.6219,190.8645,0.0,0.9307,12.8837,0.0231,2.8596,2.1302,13.4763,46.5737,0.0266,5.1077,10.973,8.9183,34.1288,0.9029,0.0199
koniq_8636811972_overexposed_0.jpg,overexposed,96.6683,91.2706,1333.3157,0.5164,0.2119,51.0287,0.0665,7.2181,5.762,47.6312,100.9134,0.0975,18.0519,23.5697,63.2018,199.0655,0.1687,0.0205
koniq_8638507719_overexposed_0.jpg,overexposed,144.8575,76.0897,12056.2822,0.092,0.2554,113.1629,0.2887,22.3352,7.6447,194.3096,173.1255,0.5042,45.1308,19.3743,44.0636,185.137,0.1675,0.0151
koniq_8639811289_overexposed_0.jpg,overexposed,225.2727,44.984,1900.5709,0.0,0.7626,67.4256,0.0907,8.8558,5.4227,61.251,109.2855,0.1352,21.112,19.1228,19.2432,65.0278,0.5704,0.0265
koniq_8645927718_overexposed_0.jpg,overexposed,209.3126,51.8974,2647.7509,0.0,0.6169,76.2861,0.138,10.4407,6.4772,76.853,113.5016,0.1702,23.4356,18.6738,21.9284,74.7999,0.4552,0.0235
koniq_8647880189_overexposed_0.jpg,overexposed,245.5005,24.6607,576.4684,0.0,0.9121,16.4945,0.0321,5.0058,2.9791,23.0131,69.095,0.0502,7.5105,13.5196,8.6419,28.1707,0.8349,0.0272
koniq_8657980323_overexposed_0.jpg,overexposed,223.8618,50.5683,8413.0807,0.0008,0.743,34.9903,0.1727,17.7952,5.3455,100.0681,140.1911,0.2524,26.8602,22.0017,19.6732,63.7651,0.6593,0.0231
koniq_8675742263_overexposed_0.jpg,overexposed,233.2688,26.3121,1976.5092,0.0,0.8093,54.2132,0.1537,8.6482,5.7672,69.9605,71.9154,0.1286,18.4506,8.3825,6.2513,19.1788,0.5686,0.0218
koniq_8704133333_overexposed_0.jpg,overexposed,166.1278,41.1847,1147.1439,0.0186,0.07,186.4818,0.0704,6.9137,7.2153,53.5679,84.1195,0.0961,15.3896,14.9055,24.6762,92.719,0.0239,0.0255
koniq_8707214366_overexposed_0.jpg,overexposed,224.2528,47.609,1814.1551,0.002,0.7722,37.3461,0.0652,9.3629,5.6395,55.6439,110.1267,0.0965,17.5604,20.9679,18.5854,66.0552,0.5365,0.0249
koniq_8715753944_overexposed_0.jpg,overexposed,227.2177,45.6734,1696.1149,0.001,0.7557,25.5838,0.098,9.1404,4.6155,59.4028,108.58,0.1385,16.812,19.0985,27.3373,83.6182,0.6445,0.0242
koniq_8716882404_overexposed_0.jpg,overexposed,189.9809,90.6985,14705.1698,0.0852,0.6457,0.0,0.171,23.7915,4.5579,182.4974,268.3474,0.3271,63.6977,31.3844,25.7637,108.7345,0.623,0.0229
koniq_8728715575_overexposed_0.jpg,overexposed,182.9715,63.7224,5804.8002,0.0133,0.4284,78.0076,0.2469,15.9758,7.3654,152.1433,145.2991,0.3971,39.2322,17.7277,20.9362,70.7639,0.2983,0.0187
koniq_8774523686_overexposed_0.jpg,overexposed,112.9303,33.0772,400.8711,0.0,0.0365,127.4009,0.0255,4.266,6.2562,27.7399,67.6113,0.0372,9.6622,15.8145,15.9885,60.2223,0.0258,0.0192
koniq_8841313273_overexposed_0.jpg,overexposed,150.485,71.2272,2489.1923,0.0,0.2683,75.2947,0.141,10.3552,7.3824,87.4628,130.8763,0.1858,28.1405,21.5377,42.1782,163.6922,0.1847,0.0243
koniq_8909034593_overexposed_0.jpg,overexposed,93.3674,53.2337,2362.7091,0.0916,0.0496,135.8008,0.1459,10.3154,7.3703,118.2859,148.2364,0.2346,36.1796,20.8282,11.2785,41.7291,0.0298,0.0267
koniq_8911411937_overexposed_0.jpg,overexposed,156.8824,62.6625,16381.2836,0.0052,0.253,114.6082,0.3431,24.9486,7.6824,204.9739,147.8117,0.5745,47.3266,11.9413,11.5336,39.6836,0.0992,0.0132
koniq_8995226934_overexposed_0.jpg,overexposed,233.2029,25.3614,1229.2262,0.0,0.8918,113.7232,0.0592,7.1303,5.3412,45.361,78.8678,0.0711,12.8086,14.4218,7.3378,26.3723,0.4587,0.0251
koniq_9042624878_overexposed_0.jpg,overexposed,166.4118,85.8714,1719.1483,0.0587,0.4579,75.8585,0.0745,8.7893,6.2341,66.6386,137.2925,0.1315,27.1384,27.9786,48.5083,183.643,0.3948,0.0284
koniq_9048453025_overexposed_0.jpg,overexposed,187.5307,68.4058,14231.5026,0.035,0.4591,36.8171,0.2688,23.7025,6.7846,202.3569,196.8246,0.4855,52.1272,19.8556,22.8752,83.783,0.3877,0.019
koniq_9054377711_overexposed_0.jpg,overexposed,189.6271,69.7158,4076.8714,0.0,0.5075,36.3319,0.1573,13.2555,6.0172,102.7223,145.184,0.2484,30.6093,23.501,41.6105,136.3019,0.4541,0.0234
koniq_9159337218_overexposed_0.jpg,overexposed,236.2763,16.3087,263.1831,0.0,0.9416,117.8909,0.0148,3.3281,5.3006,14.7275,41.7074,0.0183,5.0828,8.2792,6.0951,19.1538,0.4504,0.0184
koniq_9188509301_overexposed_0.jpg,overexposed,184.146,44.7092,373.4988,0.0,0.2486,134.0725,0.0472,4.049,6.9152,40.5184,45.3851,0.0284,12.2243,10.2806,29.6205,106.2358,0.1807,0.0218
koniq_9249272493_overexposed_0.jpg,overexposed,122.887,79.0546,5595.981,0.1615,0.2084,63.9806,0.1755,14.8296,7.4077,117.0171,148.9085,0.2549,33.7871,23.8636,46.3068,159.512,0.1592,0.0252
koniq_9251645143_overexposed_0.jpg,overexposed,253.7938,9.9276,573.6126,0.0,0.9904,1.4854,0.0129,4.558,0.7326,7.6009,41.3685,0.017,2.5358,7.5072,2.3247,8.5553,0.9844,0.0157
koniq_9255279783_overexposed_0.jpg,overexposed,208.0248,50.4552,584.7391,0.0002,0.5154,84.8121,0.0451,4.9277,5.0567,29.4006,73.7643,0.0537,10.874,16.1209,35.6843,105.0938,0.4689,0.0242
koniq_9256620726_overexposed_0.jpg,overexposed,185.4038,66.7342,2675.7854,0.0048,0.505,138.0731,0.0526,9.5498,7.169,47.2438,100.9466,0.0781,17.9934,20.4044,45.6342,140.1871,0.2783,0.0253
koniq_9269537075_overexposed_0.jpg,overexposed,240.5825,12.993,41.222,0.0,0.9684,107.651,0.0049,1.3146,4.7286,10.0384,22.6537,0.0052,3.9515,4.8599,7.1987,29.493,0.5068,0.0092
koniq_9379457487_overexposed_0.jpg,overexposed,250.7285,11.9448,156.3084,0.0,0.9759,21.0848,0.0131,2.5396,3.2136,10.7663,37.297,0.0172,3.8248,7.9737,2.5463,7.5701,0.9592,0.0163
koniq_9408208696_overexposed_0.jpg,overexposed,192.3822,43.179,661.731,0.0006,0.3189,134.0544,0.0346,5.133,6.1814,27.0209,74.2892,0.0554,10.3801,15.9309,27.7666,92.512,0.297,0.0241
koniq_9408400121_overexposed_0.jpg,overexposed,216.5477,41.7401,4680.3519,0.0,0.5975,50.2642,0.2166,14.1312,6.3044,115.2313,128.1015,0.285,27.4291,15.6584,16.0854,61.8804,0.4608,0.0192
koniq_9438182965_overexposed_0.jpg,overexposed,110.7456,86.551,3739.2546,0.0,0.2389,21.5069,0.1086,12.0303,4.5725,78.0999,146.7233,0.1876,29.9432,31.5342,36.2877,111.8525,0.1913,0.0271
koniq_9442161547_overexposed_0.jpg,overexposed,107.5619,66.3956,2123.0517,0.1736,0.1164,101.311,0.1054,9.6889,6.8871,77.5908,129.2134,0.1607,25.6337,23.6461,35.7237,138.5361,0.0859,0.0246
koniq_9474360756_overexposed_0.jpg,overexposed,220.4454,44.3004,440.5671,0.0007,0.7755,89.8054,0.0393,4.5576,6.3349,27.541,69.8642,0.0531,10.3649,16.8923,20.1899,80.3227,0.3961,0.0258
koniq_9490079439_overexposed_0.jpg,overexposed,236.7735,44.9255,1953.1817,0.0147,0.8646,17.8448,0.0596,9.8488,3.3024,44.3643,123.5641,0.1024,12.1762,23.3331,25.1937,65.7369,0.809,0.0287
koniq_9522817562_overexposed_0.jpg,overexposed,225.0725,44.738,793.6518,0.0,0.8204,109.4975,0.0666,5.9675,4.5354,40.4646,86.0404,0.1016,10.539,15.2496,35.5039,139.7677,0.4191,0.0299
koniq_9527980922_overexposed_0.jpg,overexposed,228.2243,44.7173,1265.8654,0.0,0.7982,51.833,0.1013,7.3546,5.7209,59.0603,88.108,0.1163,18.7125,14.8361,23.3351,77.5355,0.6355,0.0234
koniq_9594906572_overexposed_0.jpg,overexposed,173.7612,80.3388,6540.6757,0.0,0.4685,46.7582,0.1626,16.3395,6.5158,114.3873,165.3763,0.2518,34.0343,26.4295,50.1786,185.0912,0.3896,0.0235
koniq_9641836616_overexposed_0.jpg,overexposed,237.2432,38.4527,1254.2157,0.0,0.8764,36.1549,0.0495,7.151,4.8319,39.5623,88.9337,0.0688,13.8296,18.2891,16.4848,54.9007,0.8325,0.0255
koniq_9655773082_overexposed_0.jpg,overexposed,235.6617,54.0658,651.4018,0.0,0.8872,5.1353,0.0227,5.093,2.1773,19.978,75.2744,0.0366,8.5153,19.4358,29.5841,93.9224,0.8747,0.0209
koniq_9723836931_overexposed_0.jpg,overexposed,165.3524,55.8196,5250.4915,0.0,0.1707,99.0402,0.1993,14.641,7.3902,126.0862,149.1068,0.3286,32.7291,19.7446,27.1509,102.2826,0.1192,0.0206
koniq_9768559232_overexposed_0.jpg,overexposed,232.6574,42.948,1914.2531,0.0003,0.8009,13.809,0.1215,8.919,4.3366,67.82,109.5229,0.166,22.015,19.1257,9.5152,37.9175,0.733,0.0236
koniq_9991999836_overexposed_0.jpg,overexposed,215.6129,53.0504,1404.3392,0.0,0.6231,40.9884,0.0715,7.4307,4.907,44.5791,90.1123,0.0916,14.3128,17.9808,32.8132,124.5769,0.5713,0.0231
original_baby_overexposed_0.jpg,overexposed,197.8547,56.2166,1102.6821,0.0,0.4845,59.7605,0.1132,6.8177,6.5943,72.2382,92.9264,0.1544,25.7901,16.5307,35.3637,130.4841,0.367,0.0244
original_candy_overexposed_0.jpg,overexposed,204.0329,62.4651,78.5975,0.001,0.6143,92.1273,0.0281,2.0075,6.3279,31.0404,57.345,0.0435,14.0669,16.652,23.4393,76.03,0.4678,0.0183
original_desk_overexposed_0.jpg,overexposed,178.9601,62.5635,853.5036,0.0004,0.3826,49.9998,0.0587,6.5771,7.0606,47.5412,89.8794,0.0813,13.6959,16.346,39.0825,135.8247,0.2861,0.0231
original_dining_overexposed_0.jpg,overexposed,229.7268,48.0823,464.0207,0.0,0.7768,28.4122,0.0345,4.7686,3.7867,27.3922,74.3226,0.0468,10.1824,17.5848,23.6807,72.7071,0.7273,0.0248
original_forest_overexposed_0.jpg,overexposed,172.0702,58.4512,3322.6209,0.0,0.3279,95.9289,0.1689,11.8301,7.4569,98.4963,113.6175,0.2125,24.207,16.1351,39.0543,123.0538,0.1518,0.0242
original_holi_overexposed_0.jpg,overexposed,167.827,68.1965,2622.8081,0.005,0.3208,102.0013,0.1021,10.067,7.3251,73.3737,113.5788,0.1454,26.1672,20.4337,35.8237,132.0939,0.2343,0.0232
original_human_overexposed_0.jpg,overexposed,131.3873,76.4199,1106.0523,0.2532,0.1352,83.0389,0.0423,6.7562,6.4923,37.2352,86.9187,0.062,13.8738,19.415,45.393,152.3895,0.0738,0.0262
original_image_overexposed_0.jpg,overexposed,130.3385,30.0943,30.8401,0.0,0.0442,104.2191,0.0056,1.2157,3.1144,7.7643,26.2015,0.0066,2.9067,7.4967,14.3918,41.6177,0.0212,0.0135
original_masha_overexposed_0.jpg,overexposed,204.7685,52.9129,1700.9583,0.0033,0.689,148.4477,0.0979,8.457,5.4251,50.0102,92.5526,0.1174,11.2887,15.1745,25.0286,78.4501,0.1306,0.0247
original_panda_overexposed_0.jpg,overexposed,172.0375,74.4568,2382.4,0.0001,0.4396,80.5533,0.0914,9.7427,7.0834,66.0384,108.9336,0.1258,19.4122,19.6193,50.0457,152.9342,0.3305,0.0246
original_smoke_overexposed_0.jpg,overexposed,196.1873,38.3463,81.7723,0.0,0.3262,39.5536,0.0372,2.0881,6.1365,35.8096,39.4448,0.0209,11.3942,8.4907,23.7282,85.9958,0.2311,0.0211
original_temple_overexposed_0.jpg,overexposed,151.3946,84.4055,2248.4113,0.1439,0.3493,94.5053,0.1149,10.5974,7.2502,85.1359,133.6909,0.1822,23.5547,23.8618,55.93,185.4479,0.2407,0.0252
original_tiger_overexposed_0.jpg,overexposed,159.8577,67.845,2336.3241,0.0,0.3118,118.3808,0.1765,10.2223,7.5317,91.935,100.0492,0.1863,21.1483,16.0507,35.702,129.2697,0.1844,0.0205
original_zombie_overexposed_0.jpg,overexposed,138.2074,53.8572,850.0287,0.0,0.1153,95.2308,0.0446,6.3241,7.0314,38.5261,87.8348,0.0679,17.1022,18.2676,29.1692,100.5873,0.0221,0.0282
koniq_10004473376_underexposed_0.jpg,underexposed,46.1094,33.9595,1267.1849,0.522,0.0,90.0877,0.1054,7.1355,6.719,58.0407,66.9389,0.09,15.0191,10.2719,15.1442,51.706,0.1898,0.0221
koniq_10069534975_underexposed_0.jpg,underexposed,39.9996,17.5163,309.215,0.5054,0.0,144.3271,0.0407,3.68,5.9393,31.2415,39.2497,0.0208,8.7067,6.8274,7.5493,33.6231,0.1071,0.0204
koniq_10218118033_underexposed_0.jpg,underexposed,34.3556,22.4137,299.4397,0.5356,0.0,162.9043,0.0564,3.7962,6.1791,34.1946,47.0352,0.0439,11.2635,6.7879,10.3442,36.8694,0.2962,0.0206
koniq_10362672006_underexposed_0.jpg,underexposed,20.0752,11.4591,266.0154,0.9345,0.0,146.6065,0.0088,3.3486,5.4578,31.9459,25.7801,0.0029,7.3906,2.856,5.6497,19.2149,0.3712,0.0175
koniq_10423472445_underexposed_0.jpg,underexposed,19.8635,16.0202,81.5219,0.8932,0.0,89.3617,0.0115,1.8883,5.5391,12.5218,25.7937,0.0088,4.8063,5.5845,8.5298,29.6204,0.4594,0.0263
koniq_10446810546_underexposed_0.jpg,underexposed,23.6764,16.112,118.5163,0.8029,0.0,133.1706,0.018,2.2456,5.763,21.0239,27.9198,0.0031,6.5533,4.6161,8.8911,31.4375,0.3885,0.0225
koniq_10597114264_underexposed_0.jpg,underexposed,45.4083,34.5382,724.0237,0.5168,0.0,158.1863,0.0728,5.4673,6.6447,46.3622,63.06,0.0687,15.1534,11.2954,15.791,61.3184,0.2488,0.0195
koniq_10615424764_underexposed_0.jpg,underexposed,95.6106,49.7258,78.3015,0.2852,0.0,3.45,0.0106,1.9795,3.021,10.8711,40.1491,0.0148,5.3761,10.9693,37.5587,92.1833,0.1039,0.0236
koniq_10680502673_underexposed_0.jpg,underexposed,41.4782,6.3705,66.9517,0.3292,0.0,81.0141,0.0005,1.707,4.6699,16.1542,16.0042,0.0,4.1892,1.8101,2.3909,8.8136,0.0007,0.0217
koniq_107799222_underexposed_0.jpg,underexposed,102.9868,17.7656,263.5315,0.0291,0.0,12.1858,0.0186,3.3113,5.1093,25.2034,35.8684,0.0165,6.9261,7.6671,7.8585,27.5352,0.0097,0.0208
koniq_10828395135_underexposed_0.jpg,underexposed,33.0662,8.5269,45.779,0.8596,0.0,115.5709,0.0007,1.4182,5.0026,12.6977,15.4642,0.0001,3.5865,2.8367,3.7015,12.756,0.0148,0.0252
koniq_10866561184_underexposed_0.jpg,underexposed,70.2071,15.3705,54.2762,0.0529,0.0,79.3186,0.0071,1.6004,5.6413,16.4245,21.1733,0.0035,5.1014,3.7799,9.4278,41.3497,0.0009,0.0229
koniq_10899733355_underexposed_0.jpg,underexposed,41.5245,17.9977,630.3592,0.4446,0.0,125.6641,0.0953,5.1866,6.1487,55.5788,44.0602,0.0464,12.4482,4.1558,8.1918,30.4749,0.0878,0.0227
koniq_10921653346_underexposed_0.jpg,underexposed,9.4894,11.5452,37.8809,0.9704,0.0,172.1167,0.0123,1.3383,4.438,12.3534,25.5766,0.0082,4.4166,5.3563,6.3153,18.7582,0.7319,0.0245
koniq_10953973716_underexposed_0.jpg,underexposed,29.0451,13.1954,127.92,0.8217,0.0,194.2843,0.021,2.5004,5.6331,25.2248,29.7408,0.0108,6.7151,5.0409,6.7825,24.0862,0.1166,0.0228
koniq_11159983896_underexposed_0.jpg,underexposed,48.9838,36.299,85.5475,0.5316,0.0,75.8367,0.0026,1.9606,6.3577,15.993,20.3653,0.0014,4.8762,4.5028,32.3951,93.3417,0.2187,0.0236
koniq_11250215644_underexposed_0.jpg,underexposed,39.6417,15.8662,63.5729,0.3904,0.0,112.36,0.0162,1.7102,5.7765,15.8115,28.5569,0.0082,5.454,5.0684,10.6313,34.0465,0.1125,0.025
koniq_11269626135_underexposed_0.jpg,underexposed,20.6354,16.6682,321.1787,0.8579,0.0,147.329,0.0586,3.6964,5.6654,31.9945,42.2559,0.0274,9.4725,6.0922,6.8727,25.8687,0.451,0.0233
koniq_11273190884_underexposed_0.jpg,underexposed,47.2444,20.6151,204.8841,0.3585,0.0,132.987,0.0495,2.9939,6.0092,32.8201,38.3628,0.0234,10.3188,6.4287,10.4704,30.9609,0.0801,0.0226
koniq_11321228905_underexposed_0.jpg,underexposed,38.4292,24.2423,561.5999,0.592,0.0,163.5528,0.0292,4.6139,6.3539,32.3354,36.4159,0.0184,8.1895,5.7784,16.8143,55.3077,0.1415,0.0221
koniq_11369797883_underexposed_0.jpg,underexposed,29.257,26.0152,272.6615,0.6841,0.0,199.9342,0.0558,3.508,6.0906,30.6534,47.9983,0.0379,10.1439,9.2385,14.0531,45.5732,0.4701,0.0253
koniq_1360663704_underexposed_0.jpg,underexposed,22.0312,9.9953,298.3604,0.9606,0.0,160.7449,0.0038,3.3835,5.3155,23.2702,24.2511,0.0009,5.5139,3.7176,5.0187,14.5471,0.2131,0.0201
koniq_136948336_underexposed_0.jpg,underexposed,35.9174,26.4594,451.4479,0.5529,0.0,72.8574,0.0541,4.3301,6.1241,34.7075,45.8031,0.0366,11.2467,7.5787,16.148,55.5738,0.3251,0.0245
koniq_1519242706_underexposed_0.jpg,underexposed,40.6532,11.5662,94.3495,0.3968,0.0,87.1646,0.0086,2.1774,5.167,14.139,23.2679,0.0058,3.5227,4.0048,8.3979,21.5362,0.0223,0.0211
koniq_2044507520_underexposed_0.jpg,underexposed,33.3403,9.1769,36.7789,0.8978,0.0,172.492,0.0079,1.239,4.3662,5.1699,19.8605,0.0045,1.8076,4.7262,4.3321,14.0537,0.0047,0.0185
koniq_2152767186_underexposed_0.jpg,underexposed,25.3318,12.5775,38.6229,0.9303,0.0,233.5865,0.0137,1.3337,5.1716,10.8944,25.5958,0.0075,4.2163,6.0726,6.4628,21.3845,0.1837,0.023
koniq_234944177_underexposed_0.jpg,underexposed,76.7838,24.2457,73.1195,0.0764,0.0,101.6429,0.0085,1.939,6.2956,17.5175,28.8904,0.0104,5.8479,6.3585,16.5074,55.1754,0.0208,0.0178
koniq_2362202039_underexposed_0.jpg,underexposed,32.6324,5.7424,14.3253,0.9124,0.0,123.4858,0.0035,0.8229,3.0836,4.6331,14.2881,0.0009,1.6473,3.1565,1.3306,4.2638,0.0242,0.0229
koniq_2444937456_underexposed_0.jpg,underexposed,92.0544,19.3508,1275.3189,0.0231,0.0,102.4278,0.0874,6.8984,6.1931,60.5636,37.1049,0.0244,12.9105,3.5003,9.8377,39.1022,0.001,0.0121
koniq_2517718928_underexposed_0.jpg,underexposed,36.0051,28.2102,558.9258,0.6385,0.0,23.9699,0.0366,4.7238,6.3544,32.9607,38.3722,0.024,9.5902,6.6816,17.5155,55.5921,0.2898,0.0229
koniq_2578890441_underexposed_0.jpg,underexposed,49.8706,29.5015,365.9843,0.4502,0.0,129.4216,0.0754,4.0364,6.6435,41.308,51.3141,0.0519,12.1815,8.4708,18.4693,64.0538,0.09,0.0236
koniq_2785267250_underexposed_0.jpg,underexposed,48.1476,30.0398,42.7178,0.4139,0.0,42.0644,0.0109,1.3924,4.6436,10.7573,23.291,0.005,4.2918,6.2821,24.9591,69.9407,0.2205,0.0235
koniq_2808286292_underexposed_0.jpg,underexposed,64.9709,44.0239,1188.3539,0.3701,0.0,76.4254,0.1068,6.9227,6.5634,56.4875,70.9073,0.0992,16.719,12.0331,28.5469,85.9233,0.1349,0.0223
koniq_2818844013_underexposed_0.jpg,underexposed,84.5577,43.1234,772.2289,0.2223,0.0,53.7365,0.1104,5.8109,6.403,55.2068,71.5712,0.1012,16.9205,11.616,32.7501,94.6158,0.0823,0.0218
koniq_2839494557_underexposed_0.jpg,underexposed,54.492,16.2601,440.2924,0.1606,0.0,140.4281,0.0142,4.1695,5.9772,34.7378,27.3498,0.008,8.2443,3.8967,7.522,30.5638,0.0241,0.0162
koniq_2937190977_underexposed_0.jpg,underexposed,47.1244,34.9992,756.9356,0.4573,0.0,78.4195,0.0799,5.706,6.3172,39.7658,58.4292,0.0672,10.8562,9.051,27.1253,84.1539,0.2944,0.0249
koniq_2939787669_underexposed_0.jpg,underexposed,27.5585,20.7678,142.62,0.7269,0.0,68.4733,0.0273,2.5302,5.5296,27.0202,33.1801,0.0078,8.1311,5.3935,13.8541,43.2591,0.3755,0.0223
koniq_2941933060_underexposed_0.jpg,underexposed,58.5506,24.923,204.3848,0.2203,0.0,125.443,0.0127,3.0267,5.4118,23.2834,30.6994,0.0079,5.9175,5.7994,19.0699,59.3834,0.0449,0.019
koniq_2964711556_underexposed_0.jpg,underexposed,65.971,31.503,193.9802,0.3,0.0,87.6917,0.0409,2.9753,6.0681,26.0062,49.9066,0.0407,10.5963,10.4096,15.1106,55.4144,0.0464,0.0265
koniq_2990464677_underexposed_0.jpg,underexposed,59.1244,45.7011,99.362,0.4361,0.0,127.8596,0.0211,2.0986,6.3371,22.0385,37.6933,0.017,8.7941,9.5049,33.832,109.7583,0.2514,0.0212
koniq_3026852045_underexposed_0.jpg,underexposed,8.4605,20.8884,1595.0178,0.9034,0.0,52.8982,0.1218,7.9058,2.9153,42.4259,77.1315,0.1308,11.9663,10.8015,3.3725,11.6131,0.8509,0.0267
koniq_3073970642_underexposed_0.jpg,underexposed,26.3619,20.9801,54.4669,0.7232,0.0,211.6237,0.0183,1.6946,5.8248,14.4144,34.5505,0.0216,4.8587,7.3986,15.0523,49.0439,0.4344,0.0262
koniq_313424539_underexposed_0.jpg,underexposed,15.9078,10.197,95.7181,0.9604,0.0,113.0205,0.0137,2.0804,5.1051,18.8985,25.3369,0.0059,5.1936,4.3229,3.6668,12.6327,0.539,0.0235
koniq_318700026_underexposed_0.jpg,underexposed,43.5951,21.6462,320.9564,0.4013,0.0,146.0187,0.0282,3.4048,6.1854,21.7223,32.0483,0.0128,6.602,5.9636,12.8683,61.4462,0.1142,0.0257
koniq_3253636665_underexposed_0.jpg,underexposed,54.9436,26.3657,841.4455,0.2684,0.0,83.0226,0.0807,5.8925,6.1962,40.3828,52.4571,0.0559,10.4884,8.0855,17.2192,51.1567,0.1566,0.0237
koniq_3255665645_underexposed_0.jpg,underexposed,39.4238,12.6867,83.5407,0.4822,0.0,111.001,0.0014,2.0126,5.4285,14.8179,20.8586,0.0011,4.0224,3.1083,9.4018,27.8663,0.0267,0.0228
koniq_3315237185_underexposed_0.jpg,underexposed,55.9531,27.2195,259.5062,0.3105,0.0,158.9029,0.0358,3.3648,6.2702,27.4421,37.6583,0.0183,7.8176,7.1582,19.9904,63.5898,0.0976,0.0266
koniq_3320115265_underexposed_0.jpg,underexposed,46.9663,24.5554,1882.1318,0.3641,0.0,75.5917,0.2637,8.8163,5.8238,88.2088,79.8579,0.2482,21.51,4.0017,6.182,21.7139,0.1834,0.0131
koniq_3362731032_underexposed_0.jpg,underexposed,47.5005,29.808,179.1805,0.3846,0.0,206.2717,0.0153,2.7319,6.4168,14.0431,36.5867,0.0171,5.377,7.9877,20.208,71.4987,0.2388,0.0227
koniq_3367220434_underexposed_0.jpg,underexposed,21.2825,23.6747,73.4451,0.7556,0.0,142.0616,0.0164,1.9353,5.3544,14.1691,29.2391,0.0107,5.1904,5.7946,17.5455,62.4352,0.5702,0.0238
koniq_3423896683_underexposed_0.jpg,underexposed,29.2586,18.216,231.1788,0.6547,0.0,148.4419,0.0397,3.3845,5.8906,35.7094,38.6334,0.0213,10.6098,4.783,6.6895,20.791,0.2823,0.0223
koniq_3463146453_underexposed_0.jpg,underexposed,50.1586,25.4565,85.2093,0.296,0.0,16.2252,0.0242,1.9297,3.5702,13.8918,33.6765,0.0182,5.6724,8.0171,16.3019,51.8062,0.202,0.0267
koniq_3662997757_underexposed_0.jpg,underexposed,44.4779,38.3083,135.8425,0.5559,0.0,39.7189,0.0326,2.523,5.9309,23.7335,40.2487,0.0217,8.0737,8.5621,32.6421,91.3949,0.396,0.0233
koniq_3773463532_underexposed_0.jpg,underexposed,54.6236,26.9291,593.5796,0.3746,0.0,78.6346,0.0414,4.7786,6.5495,37.3119,38.6297,0.0259,9.5949,6.6823,14.9162,51.0791,0.0101,0.021
koniq_3815098207_underexposed_0.jpg,underexposed,36.4556,25.2647,447.5463,0.688,0.0,139.1658,0.0454,4.2214,6.1548,32.3296,40.474,0.0239,9.1239,7.6829,14.653,49.6805,0.1161,0.0258
koniq_3921589638_underexposed_0.jpg,underexposed,39.5905,28.6073,85.552,0.4503,0.0,133.3011,0.0241,2.0553,6.146,21.4848,35.0513,0.0171,8.7229,7.8292,17.0426,59.0291,0.3438,0.0128
koniq_3948135332_underexposed_0.jpg,underexposed,32.1802,10.1536,59.2489,0.7497,0.0,119.9696,0.0,1.6102,5.2681,18.21,13.4091,0.0,4.8689,2.5546,4.3488,14.8369,0.0691,0.0179
koniq_3961459513_underexposed_0.jpg,underexposed,91.5642,25.5116,521.7392,0.0708,0.0,90.462,0.0413,4.563,6.401,44.5211,43.624,0.0296,12.1095,7.7166,6.5093,29.7119,0.0109,0.0207
koniq_411025625_underexposed_0.jpg,underexposed,51.3119,33.6175,15.7208,0.4441,0.0,31.0094,0.007,0.897,5.0126,11.5493,22.3886,0.0068,4.6502,6.9997,25.8177,66.6765,0.2352,0.0203
koniq_4185039279_underexposed_0.jpg,underexposed,82.0718,41.8228,556.8728,0.2501,0.0,40.0741,0.0945,4.9945,6.1985,46.0717,69.9004,0.091,13.9244,13.4297,29.2026,94.4371,0.0972,0.0231
koniq_4194428227_underexposed_0.jpg,underexposed,26.7222,17.4117,142.9332,0.745,0.0,141.5085,0.0109,2.4264,5.9592,19.8658,24.3761,0.0051,6.1096,4.4743,9.3933,29.6081,0.3272,0.0201
koniq_4228738752_underexposed_0.jpg,underexposed,29.2492,30.7011,64.9557,0.739,0.0,211.5257,0.0136,1.6739,6.0938,15.7828,29.0455,0.0126,6.0835,7.8178,17.9547,50.9136,0.4754,0.0221
koniq_4237536969_underexposed_0.jpg,underexposed,38.8182,7.9304,58.8117,0.4661,0.0,137.4007,0.0034,1.6376,4.8764,9.8052,17.7123,0.0011,2.6604,3.5815,4.4468,16.5027,0.0108,0.0263
koniq_4251971063_underexposed_0.jpg,underexposed,71.2466,16.172,52.5823,0.0674,0.0,141.909,0.0075,1.5269,4.2879,8.3057,24.7828,0.0093,2.5648,6.1092,7.9544,29.8141,0.0416,0.0164
koniq_4281731487_underexposed_0.jpg,underexposed,28.5153,15.1476,25.6866,0.738,0.0,160.327,0.0001,1.1059,5.6974,14.3926,16.0975,0.0001,4.9532,3.3353,9.3733,31.8019,0.1857,0.02
koniq_4305975001_underexposed_0.jpg,underexposed,67.1131,46.9899,543.5041,0.4255,0.0,116.8184,0.0625,4.9566,6.7188,40.2691,76.0144,0.0753,15.7581,15.7871,27.0326,91.2,0.1676,0.0303
koniq_432860543_underexposed_0.jpg,underexposed,78.7139,28.7581,922.0281,0.1194,0.0,57.5827,0.0839,6.5085,6.554,45.6863,70.3017,0.0875,13.7347,11.8331,13.2536,46.6012,0.0278,0.0256
koniq_4344642946_underexposed_0.jpg,underexposed,75.9923,32.5469,222.5058,0.2285,0.0,24.6624,0.0377,3.0856,4.5356,21.6041,45.2781,0.0343,7.6898,9.9252,19.2695,70.894,0.0716,0.0285
koniq_4495630749_underexposed_0.jpg,underexposed,30.4933,22.9599,321.3288,0.6599,0.0,142.1541,0.0523,3.9872,6.2028,35.5485,45.2732,0.0347,10.3945,6.8087,9.785,30.9896,0.3342,0.025
koniq_4524766514_underexposed_0.jpg,underexposed,53.5443,21.9705,792.4787,0.23,0.0,92.9039,0.0902,5.7013,5.7726,39.3042,66.6395,0.0876,11.6308,11.3523,8.2358,25.1253,0.1158,0.0249
koniq_4563172093_underexposed_0.jpg,underexposed,30.1414,16.0131,339.9597,0.7059,0.0,143.6907,0.0186,3.6728,5.9704,31.6983,28.4094,0.004,8.6739,4.2388,8.4213,26.0286,0.1815,0.028
koniq_4619633197_underexposed_0.jpg,underexposed,63.4822,39.9123,106.0821,0.3341,0.0,24.7697,0.0202,2.247,5.775,13.8689,38.4648,0.0224,5.8994,9.3544,28.1085,79.2432,0.2582,0.0245
koniq_4710464067_underexposed_0.jpg,underexposed,44.6716,6.8875,19.3755,0.2086,0.0,111.2744,0.0002,0.9945,4.7067,12.4323,11.8366,0.0,3.9893,2.123,1.5856,5.7588,0.0003,0.0174
koniq_4881913692_underexposed_0.jpg,underexposed,25.1969,20.2561,296.1883,0.8335,0.0,189.161,0.0339,3.2762,4.0185,15.9743,36.4914,0.0194,5.1332,7.4867,13.2087,41.8863,0.0771,0.0279
koniq_4992884384_underexposed_0.jpg,underexposed,66.8982,17.563,124.0353,0.1027,0.0,92.0418,0.0246,2.447,5.2269,14.7315,36.5207,0.0235,4.9742,7.3587,9.5945,38.7007,0.0048,0.0246
koniq_5079448176_underexposed_0.jpg,underexposed,59.7037,5.2436,7.1379,0.0087,0.0,108.291,0.0013,0.576,3.7284,2.7437,8.8411,0.0013,0.7664,2.2298,3.0409,11.0049,0.0049,0.0064
koniq_5095300668_underexposed_0.jpg,underexposed,60.8527,19.4859,110.2595,0.2257,0.0,82.1078,0.0187,2.1363,3.3082,15.235,27.8888,0.0061,4.9297,5.7697,10.8698,33.7927,0.0027,0.0261
koniq_5097068931_underexposed_0.jpg,underexposed,65.1756,8.1788,126.9606,0.004,0.0,146.9655,0.005,2.2565,4.5005,16.7118,18.3827,0.0029,3.8218,3.4188,4.2017,18.4513,0.0014,0.0188
koniq_5175429795_underexposed_0.jpg,underexposed,49.3288,29.7656,199.8306,0.4184,0.0,97.305,0.0364,3.132,6.4474,26.5946,40.0756,0.026,8.0321,7.316,22.6839,74.8682,0.1149,0.0255
koniq_5195185160_underexposed_0.jpg,underexposed,31.1725,28.5748,160.2156,0.6859,0.0,85.4501,0.0488,2.7522,6.2528,30.9181,49.4867,0.0381,11.2372,9.6254,16.8215,68.9444,0.4082,0.0258
koniq_5241841036_underexposed_0.jpg,underexposed,32.8375,24.9149,136.0758,0.4831,0.0,68.0234,0.0323,2.4762,5.1983,18.6006,37.2484,0.0199,6.5928,7.7646,18.6595,54.5172,0.3601,0.0273
koniq_5310130081_underexposed_0.jpg,underexposed,42.8484,21.29,62.8056,0.4371,0.0,99.3563,0.0094,1.7205,6.1187,17.1315,24.6134,0.0066,6.0904,5.7725,12.2636,43.5894,0.0985,0.0226
koniq_5365003071_underexposed_0.jpg,underexposed,26.9464,19.1361,16.8547,0.5779,0.0,173.497,0.0026,0.9909,5.0027,8.4496,19.885,0.002,3.4814,4.6049,13.1503,35.49,0.3834,0.0279
koniq_5419962760_underexposed_0.jpg,underexposed,66.3509,29.552,21.7676,0.2384,0.0,60.6188,0.0075,0.9923,2.954,6.5831,20.5116,0.0052,3.0136,6.3038,22.3547,69.6753,0.1018,0.0201
koniq_5454884110_underexposed_0.jpg,underexposed,89.3202,29.4679,303.9324,0.0602,0.0,101.196,0.0605,3.5134,5.5739,33.0794,45.232,0.0343,11.4422,8.9441,16.6914,53.5146,0.0128,0.0213
koniq_5460394455_underexposed_0.jpg,underexposed,17.4475,11.1959,111.0968,0.9469,0.0,185.7524,0.0031,2.1789,5.3266,20.2762,23.7127,0.0003,5.9012,3.4953,5.2074,20.5601,0.496,0.0229
koniq_5470588240_underexposed_0.jpg,underexposed,95.3071,38.827,303.3352,0.136,0.0,49.3735,0.0729,3.7803,6.1366,40.804,62.2849,0.0658,13.1521,13.0351,16.8611,56.4594,0.0486,0.0256
koniq_5511925995_underexposed_0.jpg,underexposed,69.234,24.689,227.325,0.1161,0.0,116.5076,0.0294,2.9534,6.6415,31.9428,32.2486,0.0137,10.1479,6.7173,13.2431,53.1689,0.0154,0.0197
koniq_5543296873_underexposed_0.jpg,underexposed,22.0467,23.539,50.4315,0.8126,0.0,207.6187,0.0177,1.5702,5.7943,16.7942,31.5355,0.0131,6.704,7.3893,13.1001,38.1617,0.5224,0.0207
koniq_5564570846_underexposed_0.jpg,underexposed,63.586,8.5265,57.9534,0.0219,0.0,142.3127,0.0117,1.6262,3.8088,7.621,29.4221,0.0135,2.4125,6.2583,2.8827,11.0998,0.0132,0.0166
koniq_5621947330_underexposed_0.jpg,underexposed,15.9047,13.6532,41.7631,0.9243,0.0,74.4649,0.0072,1.4285,5.1787,14.6317,19.0689,0.0038,4.0738,3.849,6.4346,24.3338,0.5736,0.0182
koniq_5677116051_underexposed_0.jpg,underexposed,29.4926,18.6259,972.1354,0.7884,0.0,95.6648,0.0648,6.0515,6.0376,42.5472,46.222,0.041,10.8476,7.3165,7.3808,26.8181,0.202,0.0256
koniq_5796747370_underexposed_0.jpg,underexposed,55.1455,23.928,454.0226,0.2902,0.0,154.4115,0.0364,4.3194,6.1975,40.088,35.152,0.0173,9.5439,5.2875,16.7554,47.3,0.0689,0.018
koniq_5856265647_underexposed_0.jpg,underexposed,73.6439,39.4229,361.7189,0.2759,0.0,63.2367,0.0593,4.1929,6.2374,39.3718,65.2266,0.0586,15.61,13.3093,15.7778,46.9124,0.1181,0.0262
koniq_5906952351_underexposed_0.jpg,underexposed,51.232,30.9178,1017.683,0.3518,0.0,72.0727,0.0994,6.1148,6.5769,51.5725,58.6486,0.0804,15.7125,10.059,15.6073,47.825,0.206,0.024
koniq_5914848066_underexposed_0.jpg,underexposed,73.7612,19.1552,25.8012,0.0712,0.0,49.7638,0.0081,1.1481,5.6357,14.1451,24.1507,0.0055,5.5845,6.2276,11.6453,44.9657,0.0283,0.0207
koniq_5936297940_underexposed_0.jpg,underexposed,16.7607,13.4164,84.1297,0.9098,0.0,165.5658,0.0221,1.9469,4.6834,12.8317,31.0429,0.0162,4.5082,6.5265,5.0076,21.3586,0.5187,0.0264
koniq_5943227958_underexposed_0.jpg,underexposed,15.449,6.9088,5.2296,0.985,0.0,185.862,0.0,0.4988,4.4605,5.1955,7.9977,0.0,1.8252,2.0418,4.0885,14.5633,0.5709,0.0226
koniq_5951267818_underexposed_0.jpg,underexposed,81.1377,35.5771,1067.7882,0.1933,0.0,49.0925,0.1146,6.702,6.67,63.1935,76.439,0.1184,18.1959,12.4305,17.2773,47.897,0.0688,0.0205
koniq_5971762123_underexposed_0.jpg,underexposed,56.0791,12.3627,84.7378,0.096,0.0,12.1268,0.0072,2.0666,5.0656,22.8164,23.305,0.0034,6.3364,3.8574,4.4289,13.0512,0.0185,0.0208
koniq_6010335101_underexposed_0.jpg,underexposed,48.0528,24.4214,752.9813,0.5356,0.0,180.0165,0.0479,5.3107,5.2326,32.6104,49.3419,0.0344,8.5474,8.8739,11.7662,35.2685,0.005,0.0224
koniq_6059676315_underexposed_0.jpg,underexposed,49.9471,17.407,93.2285,0.2549,0.0,84.8463,0.0241,2.0524,6.0809,20.8365,30.9649,0.0095,7.0676,6.3183,9.2271,36.466,0.0359,0.0269
koniq_6061284714_underexposed_0.jpg,underexposed,33.3656,21.1009,66.7996,0.5784,0.0,134.6423,0.0146,1.729,6.0673,19.1894,25.6135,0.0062,7.2137,5.8846,9.4873,39.8253,0.2531,0.0229
koniq_6118760299_underexposed_0.jpg,underexposed,21.5079,10.3312,27.2121,0.904,0.0,145.3225,0.0015,1.118,5.165,11.0844,17.5926,0.0004,3.8767,3.7562,5.601,20.0044,0.2422,0.0228
koniq_6185806763_underexposed_0.jpg,underexposed,46.6575,7.7095,26.229,0.1539,0.0,150.837,0.0025,1.0852,4.9301,6.7355,14.8556,0.0005,2.2605,2.7181,2.932,10.3124,0.0018,0.0219
koniq_6191653562_underexposed_0.jpg,underexposed,38.7498,14.0074,330.8748,0.4976,0.0,148.9677,0.0415,4.1168,5.8039,42.4097,38.7054,0.0235,10.1845,4.2339,2.877,10.5786,0.0626,0.0168
koniq_6216628901_underexposed_0.jpg,underexposed,63.2697,17.8591,73.1594,0.1272,0.0,113.9083,0.0023,1.7523,5.6973,13.9205,19.4142,0.0012,4.8263,4.9386,10.9383,37.5657,0.0151,0.0242
koniq_6230011878_underexposed_0.jpg,underexposed,33.1847,10.5281,191.2239,0.7566,0.0,216.0879,0.0161,2.6475,5.1804,11.3185,26.1623,0.0083,3.3273,4.7148,6.6218,24.1861,0.0209,0.0221
koniq_6256829619_underexposed_0.jpg,underexposed,43.8466,25.8735,126.813,0.418,0.0,8.7598,0.0213,2.361,3.5707,14.0002,32.2599,0.0143,4.5108,6.5654,18.3231,55.6261,0.2514,0.024
koniq_6307302399_underexposed_0.jpg,underexposed,24.1942,16.9573,188.9794,0.8108,0.0,139.6645,0.0261,3.0482,5.7012,28.2291,38.6635,0.0232,8.6059,6.4446,5.6139,24.3153,0.4046,0.0211
koniq_6343064519_underexposed_0.jpg,underexposed,112.2356,14.8067,50.1366,0.0008,0.0,12.7883,0.0063,1.3928,5.6047,8.4332,18.9794,0.0026,3.1151,4.5408,11.0567,43.6574,0.0,0.0213
koniq_6344902938_underexposed_0.jpg,underexposed,27.8929,20.3482,167.0762,0.6459,0.0,31.5693,0.0083,2.5682,5.7336,19.5964,21.7036,0.0021,5.3439,3.9017,16.3941,49.7906,0.405,0.0229
koniq_6346994570_underexposed_0.jpg,underexposed,37.9656,6.9245,23.4787,0.9654,0.0,129.7807,0.0055,1.0341,2.1152,5.0495,16.7382,0.0022,1.9185,4.3024,0.6776,2.9773,0.0201,0.0187
koniq_6608109869_underexposed_0.jpg,underexposed,33.1632,24.6783,267.6929,0.7248,0.0,159.7277,0.0404,3.276,6.233,33.5431,35.9038,0.0176,9.1574,6.4389,12.3668,46.2971,0.2357,0.0225
koniq_6729759239_underexposed_0.jpg,underexposed,29.9474,13.6858,118.9527,0.7751,0.0,108.0599,0.0078,2.2282,5.722,20.4905,21.2618,0.0036,5.5779,3.7959,7.3125,24.1129,0.0942,0.0181
koniq_6757989209_underexposed_0.jpg,underexposed,52.6204,26.6473,39.0016,0.3649,0.0,132.2179,0.015,1.3256,6.4108,14.4097,29.1745,0.0133,6.9153,7.5369,12.0905,37.6479,0.0987,0.0224
koniq_6787512667_underexposed_0.jpg,underexposed,48.9199,20.4124,60.8223,0.2858,0.0,49.303,0.0158,1.74,5.6799,18.1302,28.3354,0.0105,6.6977,5.9144,13.2429,40.9615,0.0899,0.0248
koniq_6829189111_underexposed_0.jpg,underexposed,96.9532,7.6185,34.9848,0.0054,0.0,5.9406,0.0031,1.28,4.0943,9.9257,18.5516,0.0038,2.8392,3.8712,3.3934,12.2314,0.0024,0.0128
koniq_6845848072_underexposed_0.jpg,underexposed,49.6438,29.7214,412.8049,0.4124,0.0,122.6408,0.0515,4.244,6.3124,31.2585,51.2938,0.0458,9.0744,9.7057,20.3888,64.1348,0.1831,0.0255
koniq_6862989864_underexposed_0.jpg,underexposed,50.9655,32.8431,1288.4037,0.4396,0.0,108.3736,0.169,7.3762,6.8686,76.6139,78.5547,0.1637,22.1102,9.3334,8.4562,30.4014,0.1501,0.0197
koniq_6870048801_underexposed_0.jpg,underexposed,76.8429,24.528,349.6075,0.1043,0.0,40.6306,0.0489,4.2151,5.8642,33.0568,51.7823,0.0454,8.8075,8.087,18.7985,50.5341,0.0138,0.0247
koniq_6897314758_underexposed_0.jpg,underexposed,42.0815,21.334,253.2353,0.5057,0.0,96.9252,0.0395,3.4596,6.245,33.976,38.2783,0.0255,9.3946,5.86,14.2889,46.3945,0.0756,0.0218
koniq_6900924910_underexposed_0.jpg,underexposed,67.9712,42.3267,865.3889,0.3457,0.0,82.2532,0.126,6.1524,6.2397,58.248,72.4155,0.1148,16.7935,11.6356,28.8625,96.5636,0.1091,0.0207
koniq_6915781600_underexposed_0.jpg,underexposed,92.588,28.2698,612.3172,0.0352,0.0,87.8547,0.0844,4.9794,6.3874,42.4313,52.362,0.0538,11.8086,8.8855,17.6306,54.4561,0.0048,0.0199
koniq_6965249888_underexposed_0.jpg,underexposed,52.8481,22.2791,102.7876,0.3048,0.0,130.2106,0.029,2.4473,6.2235,17.7017,38.2755,0.0224,6.1772,6.7611,14.7338,55.7856,0.0257,0.0246
koniq_7005136305_underexposed_0.jpg,underexposed,21.9879,18.282,56.5882,0.7479,0.0,125.9853,0.0138,1.7001,5.5986,18.7127,27.763,0.007,6.2276,5.1578,9.9076,32.058,0.4895,0.0266
koniq_7029108053_underexposed_0.jpg,underexposed,51.5847,7.8175,14.0311,0.056,0.0,66.43,0.0012,0.8404,4.5304,5.5422,12.8336,0.0003,1.8855,2.5926,4.9165,17.8784,0.0068,0.0206
koniq_7108939139_underexposed_0.jpg,underexposed,32.9741,15.1503,110.7051,0.6734,0.0,119.5706,0.019,2.2061,5.8309,21.1203,27.7598,0.0072,6.9159,4.7747,7.1333,27.7142,0.1084,0.023
koniq_7154088130_underexposed_0.jpg,underexposed,51.4481,15.7756,116.7735,0.1552,0.0,126.5735,0.009,2.2318,4.9533,17.574,24.1396,0.0065,4.4865,4.8711,9.0043,34.1314,0.0793,0.0262
koniq_7163375274_underexposed_0.jpg,underexposed,80.8905,36.1781,53.0652,0.2286,0.0,0.0,0.0113,1.6246,4.6875,11.4947,34.8015,0.0162,5.4633,9.6406,24.0418,84.7111,0.0324,0.0193
koniq_7215678842_underexposed_0.jpg,underexposed,37.6072,14.8689,184.1152,0.6124,0.0,132.6462,0.0143,2.7209,5.8138,15.2846,27.1019,0.0053,4.1045,4.971,7.9907,26.382,0.0244,0.0276
koniq_7255289130_underexposed_0.jpg,underexposed,21.4158,14.6519,234.0018,0.8403,0.0,41.6753,0.0239,3.1434,5.3969,28.3923,32.2844,0.0106,8.1908,5.1793,4.7366,14.9525,0.3387,0.0207
koniq_7283094026_underexposed_0.jpg,underexposed,62.6252,31.4033,818.0958,0.2951,0.0,107.1108,0.0903,6.0135,6.6157,48.554,64.5704,0.0875,12.8639,9.6713,22.276,66.532,0.0966,0.0244
koniq_7329465526_underexposed_0.jpg,underexposed,67.933,41.7012,1422.8224,0.3107,0.0,107.6604,0.103,7.8214,6.9785,53.152,76.86,0.1134,14.3909,11.7181,27.4624,78.987,0.1383,0.0249
koniq_7365538478_underexposed_0.jpg,underexposed,57.6366,23.2685,51.6695,0.2138,0.0,22.9219,0.0137,1.5667,4.9142,8.6885,27.7949,0.0149,3.5288,6.4422,17.6677,50.505,0.1425,0.0227
koniq_7380460592_underexposed_0.jpg,underexposed,17.9071,4.4783,18.0389,0.9957,0.0,72.3525,0.0005,0.9454,3.9835,7.5149,9.9871,0.0003,1.8344,1.8475,2.6307,8.5246,0.1766,0.0209
koniq_7608025600_underexposed_0.jpg,underexposed,31.3615,36.1024,426.1613,0.6441,0.0,91.5104,0.0762,4.4829,5.5823,43.0999,71.9151,0.0878,15.6797,13.3266,15.3108,53.6439,0.5171,0.0265
koniq_7734376776_underexposed_0.jpg,underexposed,65.383,25.4392,2047.7569,0.1875,0.0,23.2238,0.1505,9.3315,6.0751,77.3328,80.1915,0.1749,19.2902,9.5581,5.864,20.9146,0.0754,0.0173
koniq_7744803492_underexposed_0.jpg,underexposed,36.6044,25.3549,263.2368,0.5985,0.0,141.6469,0.06,3.6404,6.4571,38.6125,50.87,0.0456,12.2291,7.9467,11.9846,47.1922,0.2297,0.023
koniq_7751952772_underexposed_0.jpg,underexposed,62.7691,41.6728,213.7125,0.4295,0.0,64.8983,0.0194,2.986,6.5252,26.0319,39.0083,0.0155,8.5192,8.1292,34.6594,98.6884,0.1402,0.0199
koniq_7819353184_underexposed_0.jpg,underexposed,89.1335,34.883,264.8751,0.1022,0.0,70.3873,0.0484,3.4267,6.4906,30.2406,53.0172,0.0467,10.7972,10.724,23.2684,79.5131,0.0337,0.0243
koniq_7914714726_underexposed_0.jpg,underexposed,24.0703,14.8122,119.8577,0.8082,0.0,199.9348,0.0114,2.3207,5.7332,27.7499,25.3249,0.0017,8.299,3.8558,5.4805,17.8565,0.2936,0.0198
koniq_7937116986_underexposed_0.jpg,underexposed,34.6173,24.7153,473.7876,0.6872,0.0,116.514,0.0554,4.5697,6.3686,40.6809,52.4336,0.0489,11.9169,8.8748,12.1778,47.1547,0.2102,0.0217
koniq_8035433785_underexposed_0.jpg,underexposed,28.7631,26.68,197.05,0.6252,0.0,109.6011,0.0345,3.1589,5.2702,23.5532,42.5262,0.0286,8.0281,8.3985,8.4628,36.0125,0.4013,0.0274
koniq_8086991348_underexposed_0.jpg,underexposed,21.2553,15.0068,27.705,0.8237,0.0,50.1939,0.0,1.1643,5.5806,13.3682,16.0054,0.0004,4.1085,3.6108,11.5181,40.7283,0.4235,0.0208
koniq_8096129179_underexposed_0.jpg,underexposed,41.5113,26.7166,42.153,0.4513,0.0,149.4104,0.0018,1.42,6.2533,14.7308,19.0652,0.0005,4.0248,3.6938,24.2592,73.0709,0.2362,0.0234
koniq_8113498731_underexposed_0.jpg,underexposed,59.962,46.3072,990.9085,0.437,0.0,25.7088,0.1161,6.4471,6.1867,53.4912,77.9872,0.1168,15.7258,11.8454,37.687,122.586,0.1962,0.026
koniq_8191059336_underexposed_0.jpg,underexposed,34.3554,22.067,754.89,0.5988,0.0,195.0109,0.0843,5.5248,6.2723,52.4262,41.8392,0.0359,12.7292,4.6092,11.8403,42.3345,0.2283,0.0183
koniq_8201445603_underexposed_0.jpg,underexposed,8.5486,15.9579,65.4719,0.9232,0.0,82.9862,0.0141,1.8318,3.8954,14.1153,32.1067,0.0118,5.0189,7.0928,7.2833,21.3669,0.8412,0.0226
koniq_8233745351_underexposed_0.jpg,underexposed,37.7333,33.0191,334.0087,0.6384,0.0,57.4861,0.0501,3.9077,5.8573,30.9538,51.5373,0.0464,10.0797,9.2542,20.5817,81.2743,0.3527,0.0251
koniq_8242266673_underexposed_0.jpg,underexposed,10.9072,18.7243,29.5253,0.8863,0.0,103.6753,0.0044,1.174,3.7158,8.3365,20.0233,0.0037,3.2159,5.3929,11.421,32.7268,0.7417,0.0205
koniq_8274584258_underexposed_0.jpg,underexposed,96.0866,43.562,227.7887,0.2109,0.0,19.1894,0.0174,3.0729,2.5418,12.8636,52.5666,0.0264,5.0822,11.8375,30.5702,85.6668,0.1402,0.0232
koniq_8333683532_underexposed_0.jpg,underexposed,88.8729,22.0554,132.1342,0.0421,0.0,43.5413,0.024,2.5658,5.9977,21.9876,40.5174,0.0261,7.241,8.4655,12.2278,42.0438,0.0072,0.0249
koniq_8401416435_underexposed_0.jpg,underexposed,30.5815,11.4123,250.2009,0.8379,0.0,98.5453,0.0145,3.1416,5.4245,21.5053,28.0998,0.0046,5.0973,4.6472,7.0739,25.0733,0.0707,0.0206
koniq_8421980802_underexposed_0.jpg,underexposed,58.4682,15.4654,254.948,0.1274,0.0,22.9578,0.0274,3.2965,5.3999,18.6052,35.0621,0.0165,5.3058,6.0318,10.6193,32.877,0.0251,0.026
koniq_8441623412_underexposed_0.jpg,underexposed,87.6319,17.4863,763.0078,0.0144,0.0,132.7354,0.0838,5.4293,6.0915,52.0647,41.5493,0.0346,12.0263,4.7823,7.105,25.0725,0.0014,0.0188
koniq_8450836581_underexposed_0.jpg,underexposed,50.6293,13.1753,13.085,0.1674,0.0,111.7762,0.0018,0.8143,5.6597,10.0311,13.8535,0.0009,3.5727,3.4597,6.5899,22.998,0.0039,0.0217
koniq_8493065081_underexposed_0.jpg,underexposed,39.9798,14.9448,167.8056,0.4819,0.0,65.7237,0.0323,2.68,5.901,25.1208,38.1649,0.0248,7.9447,6.8303,5.9123,25.5266,0.0494,0.0266
koniq_8532727626_underexposed_0.jpg,underexposed,32.7417,25.1165,164.2721,0.5293,0.0,107.1367,0.0417,2.6744,5.6955,23.5185,39.091,0.0232,7.6014,7.5362,17.8666,55.5173,0.3611,0.0256
koniq_8546536299_underexposed_0.jpg,underexposed,93.5481,20.5249,98.1354,0.0264,0.0,62.6579,0.0183,2.0181,6.0928,20.7516,31.2433,0.0117,7.2518,6.706,9.0731,32.6012,0.0009,0.023
koniq_8636811972_underexposed_0.jpg,underexposed,14.6525,19.8346,67.3657,0.829,0.0,76.6219,0.0074,1.6282,4.2412,12.4927,23.1307,0.0043,4.4142,5.5123,12.8764,38.6365,0.65,0.0213
koniq_8638507719_underexposed_0.jpg,underexposed,35.1849,28.0585,1237.2585,0.6475,0.0,156.0387,0.1409,7.2624,6.4687,66.2459,59.2097,0.0915,15.6205,7.3498,16.8554,67.6541,0.2806,0.0176
koniq_8639811289_underexposed_0.jpg,underexposed,41.8713,17.6173,230.0075,0.4237,0.0,131.8074,0.0304,3.0769,6.0269,27.8346,32.5035,0.0092,8.7162,4.7062,7.6724,24.9792,0.0804,0.0236
koniq_8645927718_underexposed_0.jpg,underexposed,49.3365,25.3218,408.0954,0.4122,0.0,126.9328,0.0464,4.1833,6.3716,36.7944,43.7009,0.0281,10.3669,7.135,11.1896,42.5661,0.0616,0.0222
koniq_8647880189_underexposed_0.jpg,underexposed,93.2133,23.7143,154.1646,0.0345,0.0,70.0662,0.0256,2.6513,6.266,21.5365,37.9671,0.0218,6.9214,7.508,10.7494,42.1308,0.0023,0.0276
koniq_8657980323_underexposed_0.jpg,underexposed,28.8388,12.3479,397.6851,0.7566,0.0,85.8935,0.0094,3.9003,5.4815,27.5238,26.1764,0.0026,6.7209,3.5812,6.2361,22.2097,0.1568,0.02
koniq_8675742263_underexposed_0.jpg,underexposed,57.7009,14.4436,611.947,0.078,0.0,101.3849,0.0734,5.0094,5.8589,49.4777,39.1268,0.0231,11.714,3.7822,2.2003,7.4784,0.0006,0.0163
koniq_8704133333_underexposed_0.jpg,underexposed,34.8452,12.2811,108.7785,0.729,0.0,215.6529,0.0214,2.1774,5.4041,16.9303,28.6863,0.0091,4.8047,5.3816,6.8151,26.8232,0.0551,0.025
koniq_8707214366_underexposed_0.jpg,underexposed,34.198,11.6091,98.6379,0.6517,0.0,87.0245,0.0133,2.2014,5.2331,15.7004,26.2344,0.0068,4.5469,4.9968,5.9555,18.7668,0.0689,0.0238
koniq_8715753944_underexposed_0.jpg,underexposed,52.5701,25.7683,124.9467,0.3878,0.0,54.0007,0.0155,2.5424,5.1667,21.1946,32.7581,0.01,5.9444,6.1805,21.8917,57.7636,0.0787,0.0216
koniq_8716882404_underexposed_0.jpg,underexposed,36.4237,25.7299,1320.8221,0.4737,0.0,0.0,0.2313,7.2425,5.5754,72.4569,67.6496,0.1379,19.4189,6.6578,7.0316,29.9293,0.3049,0.0151
koniq_8728715575_underexposed_0.jpg,underexposed,47.1692,25.5333,1009.9397,0.4297,0.0,113.6532,0.1198,6.4916,6.6336,63.7864,50.4847,0.0689,15.7698,5.5383,7.9512,26.8421,0.088,0.0166
koniq_8774523686_underexposed_0.jpg,underexposed,10.0085,7.6436,23.0008,0.9793,0.0,217.8772,0.0059,1.0356,4.0075,6.5074,17.3929,0.0033,2.2517,3.9748,3.4529,13.519,0.9007,0.0194
koniq_8841313273_underexposed_0.jpg,underexposed,35.4822,27.6718,310.028,0.5948,0.0,131.5591,0.0546,3.7224,6.423,32.9174,50.055,0.0442,10.6165,8.7404,16.6623,65.5011,0.315,0.0243
koniq_8909034593_underexposed_0.jpg,underexposed,14.6545,12.0852,139.3787,0.9462,0.0,192.7244,0.0345,2.505,5.2223,26.8067,35.1729,0.0193,8.0217,5.0694,2.7222,10.4366,0.6172,0.0252
koniq_8911411937_underexposed_0.jpg,underexposed,31.2245,20.6753,1422.7612,0.7085,0.0,160.8347,0.1045,7.4193,6.2029,61.7644,47.3722,0.0537,14.3799,5.3405,3.9218,12.6568,0.2268,0.0158
koniq_8995226934_underexposed_0.jpg,underexposed,26.0022,5.7963,94.3172,0.9944,0.0,176.6044,0.0001,2.0478,4.4645,19.0108,14.7454,0.0,4.1585,2.0724,1.5396,5.2338,0.0435,0.0156
koniq_9042624878_underexposed_0.jpg,underexposed,50.4892,37.4576,253.5968,0.4636,0.0,117.6138,0.0495,3.4572,6.5091,30.5419,57.939,0.0553,11.9617,11.9164,21.837,81.736,0.2598,0.0271
koniq_9048453025_underexposed_0.jpg,underexposed,39.0689,23.2857,1555.0626,0.5886,0.0,58.952,0.2039,8.1613,6.3709,77.5987,65.1771,0.1589,17.8246,5.1446,8.9416,31.9191,0.1349,0.0168
koniq_9054377711_underexposed_0.jpg,underexposed,35.4787,27.4715,357.082,0.6099,0.0,70.7385,0.054,3.9386,5.8878,32.8816,40.6637,0.0239,9.2675,6.4251,19.7231,60.5338,0.3276,0.0248
koniq_9159337218_underexposed_0.jpg,underexposed,49.6423,9.0216,58.8323,0.0969,0.0,179.7869,0.0086,1.6448,5.1243,11.3697,20.7886,0.0031,3.3861,3.5931,4.4552,14.9454,0.004,0.0249
koniq_9188509301_underexposed_0.jpg,underexposed,21.0493,10.1159,16.5701,0.9353,0.0,197.5827,0.0,0.8873,5.1254,9.4045,8.4686,0.0,2.7832,1.9939,6.6734,22.7425,0.2235,0.0185
koniq_9249272493_underexposed_0.jpg,underexposed,24.7703,23.7784,538.3465,0.7576,0.0,108.9629,0.0698,4.6839,6.0177,37.8258,48.547,0.0429,10.3586,8.0157,13.1745,44.2573,0.452,0.0244
koniq_9251645143_underexposed_0.jpg,underexposed,92.6841,11.1256,436.9547,0.0089,0.0,12.3417,0.0375,4.1159,4.9056,17.7371,39.5047,0.025,4.1314,6.4733,4.6325,16.2215,0.0014,0.0299
koniq_9255279783_underexposed_0.jpg,underexposed,45.9139,20.686,43.9109,0.4851,0.0,120.6049,0.0052,1.3607,5.6995,13.6879,20.9528,0.0035,4.9432,4.6833,15.2639,48.5863,0.0419,0.0245
koniq_9256620726_underexposed_0.jpg,underexposed,56.3164,31.256,691.0839,0.3574,0.0,186.0448,0.0378,4.8042,6.7745,25.7635,49.2215,0.0354,9.492,9.7004,19.7843,62.8287,0.0793,0.0246
koniq_9269537075_underexposed_0.jpg,underexposed,60.9721,16.8999,11.5685,0.0778,0.0,180.4205,0.003,0.7458,5.9707,9.9109,14.0003,0.0006,4.0897,3.3758,10.7885,43.4099,0.0007,0.0171
koniq_9379457487_underexposed_0.jpg,underexposed,72.3909,12.631,73.5058,0.0262,0.0,125.2332,0.0122,1.8667,5.5901,20.9282,26.5958,0.0103,5.9622,5.3596,4.3184,16.4097,0.0007,0.0187
koniq_9408208696_underexposed_0.jpg,underexposed,60.8402,28.5977,250.8883,0.2323,0.0,180.7249,0.0378,3.2068,5.8644,23.5442,47.3712,0.0333,7.5681,10.0243,18.6218,59.5505,0.002,0.025
koniq_9408400121_underexposed_0.jpg,underexposed,54.7284,24.2847,867.9295,0.303,0.0,81.9355,0.1086,6.1924,6.4663,61.6791,57.5136,0.0864,14.7692,6.1726,11.4386,41.4014,0.0059,0.0201
koniq_9438182965_underexposed_0.jpg,underexposed,22.6685,32.1553,556.0589,0.7243,0.0,46.9663,0.0678,4.6218,4.2323,34.4639,55.461,0.0516,11.8461,12.1719,12.1602,34.2331,0.6266,0.0235
koniq_9442161547_underexposed_0.jpg,underexposed,17.9104,18.6144,137.8888,0.8768,0.0,153.9678,0.0278,2.5158,5.4298,20.936,34.5024,0.0163,6.7851,6.4268,10.4147,41.1545,0.5206,0.0245
koniq_9474360756_underexposed_0.jpg,underexposed,40.5708,13.0931,31.3065,0.4663,0.0,143.5182,0.005,1.2874,5.339,9.0221,19.2571,0.0014,3.3203,4.2334,7.2354,30.4158,0.0567,0.0271
koniq_9490079439_underexposed_0.jpg,underexposed,73.6663,21.3144,167.1084,0.1092,0.0,81.8781,0.0252,2.8891,5.3406,16.5707,36.7034,0.0204,4.6428,7.039,16.6281,46.7438,0.0277,0.0295
koniq_9522817562_underexposed_0.jpg,underexposed,70.2661,23.6623,92.9725,0.1573,0.0,154.9988,0.0157,2.1051,6.0321,21.9157,29.8167,0.0079,6.1785,5.5288,19.2699,74.9572,0.0298,0.024
koniq_9527980922_underexposed_0.jpg,underexposed,60.3306,19.6059,325.6546,0.1254,0.0,109.5877,0.0539,3.8633,6.1787,41.7975,40.2795,0.0244,11.1464,4.8265,10.133,35.4216,0.0457,0.0206
koniq_9594906572_underexposed_0.jpg,underexposed,36.9158,27.1943,562.6367,0.5339,0.0,114.9835,0.0664,4.9112,6.2177,41.3312,52.0306,0.0567,11.9332,8.571,16.4207,57.4968,0.314,0.0227
koniq_9641836616_underexposed_0.jpg,underexposed,85.6109,23.2949,579.3727,0.0621,0.0,95.8103,0.0697,4.8494,6.1292,43.6915,49.7494,0.0438,11.7912,7.9048,10.9033,32.0067,0.0231,0.0233
koniq_9655773082_underexposed_0.jpg,underexposed,85.0582,27.6884,173.9447,0.1037,0.0,35.6282,0.0182,2.713,5.3755,21.206,36.3225,0.0169,6.7349,8.6364,16.6623,54.4453,0.0862,0.0208
koniq_9723836931_underexposed_0.jpg,underexposed,32.4534,21.1459,550.5232,0.7153,0.0,163.5721,0.0767,4.8276,6.0312,43.4278,56.5745,0.0554,11.5813,8.5357,9.8472,33.4557,0.215,0.0215
koniq_9768559232_underexposed_0.jpg,underexposed,33.3112,12.4402,135.7968,0.6641,0.0,33.5895,0.003,2.4728,5.6388,29.4384,22.8966,0.0005,7.3018,2.7305,4.3306,15.8757,0.0849,0.0172
koniq_9991999836_underexposed_0.jpg,underexposed,70.5379,30.6818,359.8464,0.1871,0.0,121.7847,0.0373,3.7401,6.2502,25.8635,44.4193,0.0286,8.2485,8.884,19.9278,75.4921,0.0827,0.0224
original_baby_underexposed_0.jpg,underexposed,53.5059,27.9562,177.6892,0.3633,0.0,101.0865,0.0328,2.7685,6.665,33.6812,35.5512,0.0182,11.8346,6.3329,19.0592,79.5425,0.0664,0.0236
original_candy_underexposed_0.jpg,underexposed,66.0785,30.2286,12.5594,0.2423,0.0,156.2946,0.0056,0.8149,6.6921,15.2526,21.74,0.004,6.765,6.4817,12.0617,41.9411,0.0752,0.0195
original_desk_underexposed_0.jpg,underexposed,34.206,19.5304,107.6508,0.6241,0.0,83.0765,0.0137,2.3261,6.1499,19.7075,30.777,0.0091,4.9345,5.1383,11.8752,41.6245,0.1233,0.0251
original_dining_underexposed_0.jpg,underexposed,80.9714,29.7924,122.6702,0.1261,0.0,55.5886,0.0205,2.4829,6.6271,21.1672,38.8076,0.021,7.071,8.5685,16.8267,57.3865,0.0292,0.0255
original_forest_underexposed_0.jpg,underexposed,17.9656,11.5462,108.5346,0.934,0.0,151.1394,0.0051,2.2202,5.3008,20.653,23.0187,0.0007,5.0313,3.2891,7.0014,22.6989,0.4844,0.021
original_holi_underexposed_0.jpg,underexposed,58.6158,33.2833,567.6891,0.3349,0.0,132.7375,0.0554,4.7063,6.9123,37.2413,53.8576,0.0455,12.8207,10.1235,18.2338,63.6983,0.0761,0.0238
original_human_underexposed_0.jpg,underexposed,14.7055,11.776,51.1167,0.9607,0.0,106.6648,0.0003,1.3565,4.6111,6.8737,14.5857,0.0002,2.3749,3.2057,6.9435,26.0346,0.4635,0.0268
original_image_underexposed_0.jpg,underexposed,24.1975,12.3832,4.181,0.8655,0.0,157.6376,0.001,0.4509,2.6987,2.9363,9.859,0.0006,1.1248,2.9564,6.721,19.9914,0.0086,0.0141
original_masha_underexposed_0.jpg,underexposed,59.4694,22.1661,206.1352,0.2351,0.0,188.7228,0.0201,2.9854,5.5678,19.9861,32.0025,0.0109,4.6894,5.3476,12.0349,35.7945,0.0419,0.0252
original_panda_underexposed_0.jpg,underexposed,28.1939,19.6113,158.3864,0.6694,0.0,137.8551,0.0173,2.5485,5.9789,20.2739,27.4071,0.0084,5.6753,4.7473,12.7761,38.4715,0.3427,0.0227
original_smoke_underexposed_0.jpg,underexposed,46.3526,23.0143,10.0922,0.5707,0.0,62.0225,0.0006,0.7472,5.6275,13.2231,13.1051,0.0002,4.3886,3.1865,16.4504,58.2072,0.0,0.0156
original_temple_underexposed_0.jpg,underexposed,34.6014,27.1506,290.5823,0.586,0.0,152.6244,0.0533,3.8705,6.2562,32.2145,48.2276,0.0414,8.4431,8.4615,16.1898,50.7115,0.319,0.0244
original_tiger_underexposed_0.jpg,underexposed,32.6535,25.3541,324.9425,0.6715,0.0,196.0731,0.0427,3.8755,6.3611,36.7999,40.6836,0.0253,8.0843,6.5151,12.306,42.2086,0.281,0.0204
original_zombie_underexposed_0.jpg,underexposed,30.3254,23.2797,156.7426,0.7133,0.0,152.4479,0.02,2.6958,5.7265,15.5901,39.089,0.0238,7.4385,8.6868,11.8521,39.2987,0.3731,0.0232
